id,first_name,last_name,gender,Company_Name
1,Mattias,Eykelbosch,Non-binary,Avaveo
2,Demetris,Bulpitt,Bigender,Kazio
3,Averil,Riquet,Male,Linkbuzz
4,Erskine,Gini,Non-binary,Riffwire
5,Cletus,Fitzmaurice,Polygender,Lazzy
6,Field,Bernaert,Genderqueer,Meedoo
7,Ashbey,Payle,Genderfluid,Eazzy
8,Langston,Fookes,Male,Oyope
9,Robbie,Elnaugh,Genderqueer,Agivu
10,Ali,Rubin,Bigender,Zava
11,Tessi,Farleigh,Male,Podcat
12,Sibeal,Tapsfield,Genderqueer,Meedoo
13,Virginie,Andreia,Genderfluid,Wordtune
14,Karia,Danelet,Polygender,Vinder
15,Danica,Thurlbeck,Genderfluid,Trunyx
16,Tarra,Isherwood,Non-binary,Babbleopia
17,Cynthie,Snasel,Polygender,Browsetype
18,Konstantin,Bevans,Non-binary,Rhyzio
19,Alyssa,Dinkin,Male,Zoombeat
20,Joey,Carey,Female,Myworks
21,Teddi,Dmitrienko,Male,Quinu
22,Jennie,Oakwell,Agender,Ailane
23,Coop,Breeder,Polygender,Realbridge
24,Judah,Klauber,Genderqueer,Bubblebox
25,Katlin,Darycott,Non-binary,Quaxo
26,Judon,Whyatt,Agender,Yadel
27,Gert,Staines,Male,Tagopia
28,Rhianon,McGeown,Polygender,Yozio
29,Flossi,Zuker,Male,Twimbo
30,Lotti,Nansom,Genderfluid,Quire
31,Amble,Blues,Non-binary,Meevee
32,Jilli,Jenson,Bigender,Gabtype
33,Darlene,Northern,Genderqueer,Bluezoom
34,Morse,Hewson,Bigender,Oba
35,Ransom,Marrington,Agender,Leexo
36,Tawsha,Skeats,Genderfluid,Skinix
37,Nessi,Breward,Non-binary,Feedbug
38,Callean,Ginner,Agender,Quamba
39,Iain,Wilkin,Bigender,Feedmix
40,Lowe,Heggman,Genderfluid,Gigabox
41,Dotti,Tharme,Genderqueer,Avaveo
42,Angel,Cumesky,Non-binary,Janyx
43,Julia,Kernocke,Polygender,Photospace
44,Vale,Howland,Genderfluid,Riffwire
45,Claiborne,Woollacott,Polygender,Miboo
46,Abe,Peret,Polygender,Gabtune
47,Rasia,MacKimm,Male,Skiptube
48,Aurie,Teissier,Genderqueer,Fatz
49,Roselia,Barfford,Male,Babblestorm
50,Ugo,Pooly,Female,Zazio
51,Sonnie,von Hagt,Bigender,Flashset
52,Brear,Ellsom,Bigender,Eamia
53,Selena,Mabe,Polygender,Gigashots
54,Reed,Donaho,Female,Realcube
55,Morgan,Hapke,Non-binary,Fliptune
56,Lida,Fayre,Female,Camimbo
57,Garek,Dahmke,Non-binary,Linklinks
58,Angel,Rosetti,Genderfluid,Aimbo
59,Ranna,Ecles,Agender,Wikido
60,Lynn,Geldart,Male,Twinte
61,Zandra,Rook,Non-binary,Jabberstorm
62,Ardys,Elsop,Genderqueer,Twimm
63,Adelind,Giacobini,Female,Devshare
64,Marta,Bruford,Male,Yambee
65,Nisse,Jakoviljevic,Polygender,Skimia
66,Bernhard,Filer,Non-binary,Realpoint
67,Carmelle,Smallcombe,Female,Youfeed
68,Oates,Friatt,Genderqueer,Tanoodle
69,Salli,Tupman,Bigender,Oodoo
70,Michal,Rathke,Genderqueer,DabZ
71,Urbanus,Dodson,Genderqueer,Dabtype
72,Pierson,Kaminski,Genderfluid,Jetwire
73,Laure,Evelyn,Agender,Twitterwire
74,Melony,Braddock,Polygender,Zoombox
75,Kari,Athey,Non-binary,Linkbridge
76,Diann,Colnet,Female,Abata
77,Noemi,Eisig,Polygender,Eamia
78,Gerda,Klus,Bigender,Voonix
79,Sigismond,Batt,Male,Fiveclub
80,Sarajane,Bewley,Bigender,Zoomlounge
81,Gasper,Mellers,Non-binary,Buzzshare
82,Otho,Mulleary,Genderqueer,Thoughtsphere
83,Steven,Pellamonuten,Bigender,Eamia
84,Biddy,Meert,Non-binary,Feedbug
85,Winston,Dener,Polygender,Vitz
86,Jaimie,Lakey,Polygender,Eimbee
87,Agneta,Turl,Genderfluid,Bubblemix
88,Merry,Fritche,Non-binary,Devpoint
89,Mata,Spileman,Agender,Flashpoint
90,Erminie,Juares,Non-binary,Demimbu
91,Joana,Thomas,Polygender,Kare
92,Candace,Akett,Agender,Skidoo
93,Trula,Cheney,Male,Skyba
94,Sher,Laugherane,Female,Twitterbeat
95,Torrence,Byforth,Genderqueer,Twinte
96,Silvan,Saph,Bigender,Dabtype
97,Delila,Buckberry,Non-binary,Twitterlist
98,Anissa,Shower,Genderqueer,Jayo
99,Muhammad,MacCaughen,Bigender,Wikizz
100,Jacquie,Sollowaye,Genderfluid,Realmix
101,Lydia,Clinnick,Polygender,Blognation
102,Cortney,Murrison,Genderfluid,Zoomcast
103,Alric,Burnell,Bigender,Skipstorm
104,Myer,Belson,Agender,Gigaclub
105,Alaine,Shephard,Bigender,Meembee
106,Donetta,Hamel,Genderfluid,Gevee
107,Brynna,Cowup,Non-binary,Quatz
108,Joelynn,Mildenhall,Male,Meeveo
109,Florette,Rominov,Polygender,Devify
110,Harper,Shelly,Agender,Chatterpoint
111,Junina,Dufour,Polygender,Browseblab
112,Barnaby,Helling,Female,Divavu
113,Michail,Finnimore,Genderqueer,Kazio
114,Amelie,Whitelock,Female,Skaboo
115,Art,Robbie,Genderfluid,Twitterworks
116,Stephenie,Saer,Female,Devpulse
117,Adella,Busek,Genderfluid,Zoovu
118,Gerri,Capeling,Genderfluid,Ntags
119,Cassandra,Thom,Polygender,Midel
120,Aeriel,Smallthwaite,Agender,Eamia
121,Chic,Ivanchov,Male,Meemm
122,Dionne,Ehlerding,Genderfluid,Skyvu
123,Patrick,Soigoux,Female,Photofeed
124,Arthur,Toyne,Genderqueer,Twitterworks
125,Minne,Burdoun,Male,Vidoo
126,Grady,Eagland,Agender,Centizu
127,Lisle,Wickling,Male,Voomm
128,Vitia,Sambals,Polygender,Topicstorm
129,Elwira,Wynes,Female,Einti
130,Helyn,Melhuish,Non-binary,Npath
131,Roslyn,Jezzard,Male,Mynte
132,Mercy,Gripton,Female,Linktype
133,Valentino,Eytel,Non-binary,Centimia
134,Kerk,Curl,Bigender,Gevee
135,Florian,Worham,Genderfluid,Feedfire
136,Zared,O'Ferris,Female,Dabjam
137,Fidole,Bosward,Male,Youspan
138,Abelard,Houlridge,Agender,Leenti
139,Wrennie,Werrit,Bigender,Agivu
140,Nicky,Bleddon,Genderqueer,Meejo
141,Aron,Wainer,Genderqueer,Wordpedia
142,Jourdan,Elmar,Agender,Talane
143,Hana,Overy,Female,Quinu
144,Brynn,Linder,Polygender,Agivu
145,Veronika,Broadfoot,Non-binary,Mymm
146,Britt,Hilley,Polygender,Camimbo
147,Queenie,Kift,Male,Eare
148,Jacki,Gewer,Polygender,Quinu
149,Blinni,Bernath,Agender,Skipfire
150,Rockie,Skurray,Polygender,Talane
151,Julianne,Shanklin,Male,Tagpad
152,Mirilla,Foulks,Female,Roombo
153,Abbie,Buckthorpe,Female,Lazz
154,Stephanie,Cantera,Male,Brainbox
155,Harvey,Ramsdell,Agender,Twitterbeat
156,Karyn,Sivorn,Genderqueer,Quimba
157,Hunt,MacKilroe,Non-binary,Jaxbean
158,Pablo,Dowdall,Genderqueer,Viva
159,Brittne,Auton,Genderfluid,Abata
160,Bernetta,Ribbon,Genderqueer,Eadel
161,Zeb,Drewitt,Genderfluid,Edgeclub
162,Nick,Kopisch,Male,Divavu
163,Barnabe,Gripton,Non-binary,Eayo
164,Ulrick,Chicco,Genderfluid,Twimbo
165,Agnes,Middell,Male,Gigaclub
166,Belia,Phethean,Genderqueer,Demivee
167,Kile,Himsworth,Male,DabZ
168,Lorne,Creed,Genderqueer,Innotype
169,Malchy,Bendare,Genderfluid,Rhynoodle
170,Ailey,Andrioletti,Genderfluid,Oyondu
171,Gus,MacCarter,Male,Feedmix
172,Mahmud,Brothwood,Genderqueer,Ainyx
173,Leshia,Lukehurst,Genderqueer,Yoveo
174,Cornelius,Folkard,Bigender,Flashdog
175,Artair,Moggach,Genderqueer,Yakidoo
176,Emmy,Codi,Polygender,Skimia
177,Rolando,Aime,Polygender,Quire
178,Ema,Gueste,Female,Skibox
179,Dag,McPeck,Genderfluid,Youbridge
180,Padgett,Jancik,Male,Demimbu
181,Gavrielle,Dunk,Genderfluid,Quinu
182,Nanni,Linnett,Genderqueer,Jatri
183,Lenard,Leppingwell,Polygender,Trudeo
184,Fonz,Peinton,Genderfluid,Katz
185,Price,Dreye,Polygender,Eadel
186,Jessie,Wilce,Genderfluid,Tagchat
187,Angus,Parkman,Bigender,Tanoodle
188,Clarabelle,Phelipeau,Genderfluid,Rhybox
189,Ruthe,Caso,Female,Wikivu
190,Holly-anne,McKew,Genderfluid,Mudo
191,Brooke,Sawdon,Genderfluid,Youtags
192,Carin,Kesey,Genderfluid,Twitterworks
193,Lorne,Schrei,Bigender,Blognation
194,Zorana,Beat,Bigender,Aibox
195,Kelsy,Tryhorn,Female,Gabtype
196,Merrielle,Herreran,Male,Miboo
197,Taite,Edwinson,Polygender,Edgetag
198,Nicolais,Christauffour,Agender,Photospace
199,Brandais,Elkin,Non-binary,Jetwire
200,Jessey,Geraghty,Bigender,Eidel
201,Sophi,Killeley,Male,Aimbu
202,Anselma,Jaycox,Genderqueer,Realbuzz
203,Jefferey,Savege,Genderfluid,Flipbug
204,Lilas,Micka,Agender,Demimbu
205,Tanhya,Croisdall,Agender,Fadeo
206,Cirilo,Mattea,Male,Demimbu
207,Grannie,Stefanovic,Bigender,Latz
208,Eddie,Blackwell,Agender,Meevee
209,Lawton,Thomann,Genderqueer,Flipopia
210,Clemmie,O'Hartnedy,Bigender,Tanoodle
211,Dorrie,Dearness,Female,Browsetype
212,Heath,Balma,Male,Livefish
213,Agnola,Daysh,Polygender,Devshare
214,Sharona,Brimilcombe,Male,Tazz
215,Rani,Wardingley,Genderqueer,Twiyo
216,Orel,Prazer,Agender,Janyx
217,Anallese,Blaise,Non-binary,Mybuzz
218,Anders,Ricca,Bigender,Fatz
219,Elwin,Van der Son,Agender,Skiptube
220,Dyan,Linny,Genderqueer,Kare
221,Nessy,Smorthwaite,Genderqueer,Skippad
222,Glenna,Depper,Genderfluid,Jaxbean
223,Damiano,Staniford,Bigender,Kwilith
224,Boris,Ephgrave,Non-binary,Oyonder
225,Warren,Ivatt,Agender,Wikivu
226,Ryan,Suffe,Agender,Trudeo
227,Hedy,Behr,Genderfluid,Photobean
228,Marne,Grenshiels,Genderqueer,Browseblab
229,Jerrilyn,Pasek,Genderfluid,Ntags
230,Kareem,Strase,Non-binary,Shufflebeat
231,Danita,Starrs,Genderfluid,Kwideo
232,Rudolph,Boxer,Agender,Vinder
233,Melba,Neller,Non-binary,Mynte
234,Mac,Kyles,Bigender,Aivee
235,Leola,Cubbini,Genderqueer,Wikizz
236,Guntar,Guilaem,Polygender,Tanoodle
237,Kailey,Benardeau,Polygender,Skidoo
238,Virge,Fenich,Polygender,Rhyzio
239,Reggis,Jankovsky,Agender,Yotz
240,Jocelyne,Helm,Genderfluid,Realcube
241,Corella,Vinick,Bigender,Twinte
242,Baxie,Cheves,Genderqueer,Oodoo
243,Ike,Mundell,Non-binary,Plambee
244,Pauli,Murrison,Polygender,Rhynoodle
245,Lon,Golbourn,Agender,Skiba
246,Aleksandr,Pressdee,Female,Jabbersphere
247,Kitti,Ionnidis,Genderqueer,Buzzster
248,Dougy,Donavan,Genderqueer,Skyba
249,Salomone,Sparkwell,Genderqueer,Cogidoo
250,Clo,Mapam,Male,Babbleset
251,Valentin,Priddie,Genderfluid,Mydo
252,Berne,Scud,Male,Lazz
253,Barbabra,Gawkes,Non-binary,Brainverse
254,Stacy,Fernely,Polygender,Brightbean
255,Aimee,Guilloton,Female,Kazio
256,Dicky,Sainsberry,Genderqueer,Zoomlounge
257,Bren,Skyrm,Bigender,Rhybox
258,Bendix,Bontein,Non-binary,Skipfire
259,Theodor,Ofield,Polygender,Trudoo
260,Celestyn,McSkeagan,Agender,Voonder
261,Fredia,Foulis,Agender,Brainbox
262,Yulma,Khomin,Non-binary,Twimm
263,Felic,Cahey,Male,Feedspan
264,Bili,Geram,Agender,Ailane
265,Clerissa,Downer,Genderfluid,Zoomcast
266,Shaun,Van Der Weedenburg,Genderfluid,Browsebug
267,Addy,Spilling,Female,Jaloo
268,Deborah,MacKowle,Agender,DabZ
269,Jenda,Attock,Polygender,Riffwire
270,Melesa,Schirach,Bigender,Youopia
271,Doris,Golton,Bigender,Linkbuzz
272,Reiko,Scotchforth,Polygender,BlogXS
273,Birk,Naish,Female,Npath
274,Bernardina,McGavin,Polygender,Leenti
275,Wyndham,Pennacci,Female,Jabberbean
276,Leila,Frickey,Agender,Realcube
277,Cristian,Petrescu,Genderfluid,Brainbox
278,Hewett,Cecchetelli,Genderfluid,JumpXS
279,Dorthea,Jensen,Non-binary,Fatz
280,Bennett,Sidnell,Non-binary,Zoombeat
281,Nessa,Sutworth,Non-binary,Ntag
282,Nita,Loynton,Polygender,Livetube
283,Mayer,Pinch,Non-binary,Yakijo
284,Orelee,McIver,Non-binary,Trilith
285,Ravi,Rany,Genderqueer,Avamm
286,Rozelle,Swinbourne,Genderqueer,Skalith
287,Thorpe,Doughill,Male,Trudoo
288,Ermina,Matovic,Genderqueer,Centidel
289,Emlyn,Maplethorp,Genderfluid,Layo
290,Barbabra,Shillam,Bigender,Vipe
291,Mendel,Bezants,Agender,Cogibox
292,Rolf,Basey,Female,Mybuzz
293,Sandor,Mapstone,Non-binary,Buzzster
294,Tobe,Dobbins,Bigender,Wordify
295,Wyndham,Wennam,Polygender,Shuffledrive
296,Merle,Filipovic,Non-binary,Flashdog
297,Emmit,Caldecot,Female,Zoomdog
298,Thaddeus,McMenemy,Polygender,Dynava
299,Rodney,Frear,Polygender,Omba
300,Loree,Kless,Agender,Jabberstorm
301,Vincenty,Gimbrett,Agender,Einti
302,Blondie,Inman,Bigender,Skaboo
303,Anastasie,Mallindine,Female,Fiveclub
304,Florencia,Ropkins,Male,Gabcube
305,Anet,O'Lenechan,Non-binary,Dynava
306,Cleavland,Drake,Polygender,Reallinks
307,Cacilie,Duffit,Genderfluid,Edgewire
308,Dorri,Petru,Agender,Bubblebox
309,Bernelle,Farfull,Polygender,Zooveo
310,Giraud,Goschalk,Polygender,Wikido
311,Lynnea,Plumb,Male,Reallinks
312,Standford,Beebis,Female,Kaymbo
313,Michaelina,Bonass,Polygender,Tagfeed
314,Garret,Bacop,Agender,Trilia
315,Dennis,Nono,Genderfluid,Eamia
316,Faye,Bittany,Bigender,Kimia
317,Fitzgerald,Burley,Male,Flashdog
318,Brennan,Penberthy,Polygender,Divape
319,Moore,Fiennes,Bigender,Realcube
320,Cissy,Thominga,Polygender,Topicware
321,Deedee,Macari,Genderqueer,Mycat
322,Kathi,Brewin,Male,Thoughtstorm
323,Nanette,Blakemore,Non-binary,Buzzdog
324,Remus,Gillham,Genderfluid,Vipe
325,Irma,Scutchings,Female,Wordware
326,Kaitlynn,Menco,Non-binary,Oyope
327,Malia,Donisi,Genderqueer,Yoveo
328,Benjie,Leftbridge,Female,Demimbu
329,Levy,Readshall,Female,Devify
330,Dall,Readmire,Male,Wikido
331,Janaye,Sturgeon,Bigender,Tagtune
332,Aundrea,Glamart,Genderfluid,Jaloo
333,Phillipp,Harford,Non-binary,Youbridge
334,Arturo,Bellini,Polygender,Midel
335,Gwen,Garlett,Polygender,Tekfly
336,Vic,Maryin,Genderqueer,Wordware
337,Nobe,Bernardinelli,Polygender,Gigazoom
338,Antony,Darrow,Genderqueer,Agivu
339,Morton,Garner,Genderqueer,Edgeify
340,Pansie,Castagnaro,Genderqueer,Skaboo
341,Salvidor,Karus,Male,Dabjam
342,Quinta,Vawton,Bigender,Meeveo
343,Ase,Dorow,Polygender,Centizu
344,Mercie,Goodlake,Male,Dabshots
345,Suzi,Duplan,Bigender,Aimbu
346,Giorgia,Durman,Agender,Kwinu
347,Tabitha,Gossage,Non-binary,Jabbercube
348,Blinnie,Emby,Non-binary,Kimia
349,Gabriele,Levesque,Male,Yodel
350,Hirsch,Dulake,Genderfluid,Zoomzone
351,Spike,Taft,Non-binary,Zooveo
352,Maxim,O'Hagan,Non-binary,Feedfish
353,Sisely,Moncreiffe,Non-binary,Gabcube
354,Sonnie,Bevar,Bigender,Meejo
355,Englebert,Snipe,Polygender,Flipbug
356,Ana,Giggie,Polygender,Babblestorm
357,Glynis,Iannuzzelli,Non-binary,Devcast
358,Vachel,Muttock,Bigender,Flipbug
359,Vernen,Liebmann,Bigender,Twimm
360,Fawn,Hails,Male,Tagpad
361,Humphrey,Lowthorpe,Polygender,Jetwire
362,Syd,Bramstom,Genderqueer,Avamm
363,Al,Tukely,Polygender,Lazz
364,Pietra,Digger,Genderfluid,Youspan
365,Rick,Tollfree,Genderfluid,Zoomcast
366,Rance,Bernt,Non-binary,Devpoint
367,Shell,Terbeek,Bigender,Vimbo
368,Buiron,Sutlieff,Female,Wikizz
369,Tulley,Gallagher,Genderfluid,Buzzshare
370,Eddie,Iacovino,Non-binary,Demizz
371,Granville,Dobie,Female,Yakidoo
372,Janela,Noorwood,Genderqueer,Devbug
373,Madelle,Creaney,Genderqueer,Npath
374,Gus,Ceci,Female,Voolia
375,Jaymie,Southwell,Bigender,Flashdog
376,Gennifer,Felgat,Bigender,Avaveo
377,Seumas,Carpenter,Non-binary,Quire
378,Ryann,MacIver,Genderfluid,Roomm
379,Lorain,Stancliffe,Bigender,Fliptune
380,Cirillo,Gosart,Female,Eazzy
381,Adolphe,Pipe,Agender,Divanoodle
382,Renie,Costa,Bigender,Jaxworks
383,Yolane,Hexum,Genderfluid,Realbridge
384,Neville,Dorning,Polygender,Topiclounge
385,Maurene,Parradine,Agender,Yozio
386,Saudra,Sparham,Male,Rhynyx
387,Gigi,Heighway,Polygender,Flashspan
388,Lesli,Gusticke,Genderqueer,Twitterlist
389,Leroi,Ellcock,Bigender,Mycat
390,Kari,Munton,Genderfluid,Twitterworks
391,Jannel,Dutteridge,Genderfluid,Browsezoom
392,Emilie,Welton,Agender,Eare
393,Emmit,Rippen,Agender,Wordtune
394,Wendie,Bruni,Bigender,Youtags
395,Frans,Dannehl,Genderfluid,Voonyx
396,Clotilda,Leadstone,Male,Jaxspan
397,Cleon,Ferrotti,Male,Youspan
398,Debor,Oldcote,Non-binary,Browsetype
399,Marlo,Stavers,Female,Zoombox
400,Hansiain,Camm,Bigender,Centizu
401,Addy,Dandison,Genderqueer,Fatz
402,Sanders,Sandbatch,Male,Quamba
403,Bailie,Treadger,Agender,Camimbo
404,Patty,D'Elia,Female,Vitz
405,Melisse,Lashmar,Female,Thoughtmix
406,Ferdie,Sellor,Polygender,Trilith
407,Elbertina,Frentz,Agender,Youtags
408,Leland,Winsom,Male,Youbridge
409,Jess,Alker,Genderfluid,Shuffledrive
410,Heriberto,Spatoni,Non-binary,Skinte
411,Yorker,Baudins,Genderfluid,Kamba
412,Rouvin,Cheetham,Polygender,Agimba
413,Mair,Frusher,Genderqueer,Topicshots
414,Estella,Hawksworth,Agender,Reallinks
415,Esdras,Mirfin,Non-binary,LiveZ
416,Antonia,Lumsdall,Genderqueer,Jayo
417,Shellie,Cobden,Genderqueer,Eamia
418,Charyl,Lagen,Non-binary,Blogtags
419,Dallon,Sexon,Male,Zoomzone
420,Bartlett,Massingberd,Female,Riffpath
421,Margaretha,Crufts,Female,Vinder
422,Lilian,Scrase,Non-binary,Brightdog
423,Traver,Leworthy,Bigender,Camido
424,Brien,Hauxley,Bigender,Jaxworks
425,Brandy,Stuehmeier,Female,Livetube
426,Darbee,Seery,Female,Thoughtworks
427,Lenna,Fettes,Bigender,Tambee
428,Hyacintha,Kindell,Bigender,Photobean
429,Ange,Crighten,Male,Tagtune
430,Hobard,Attarge,Bigender,Shufflester
431,Mirabel,M'Quharge,Male,Eimbee
432,Gian,Eagling,Genderqueer,Tambee
433,Anabel,Hatherleigh,Genderqueer,Tazz
434,Pearce,Kennaway,Non-binary,Kwideo
435,Mercie,Vella,Bigender,Zoomzone
436,Pen,Giraudel,Agender,Vitz
437,Stanfield,Loudyan,Bigender,Skaboo
438,Jemimah,Burds,Male,Eazzy
439,Greta,Brisco,Genderfluid,Oba
440,Flem,Ghidini,Agender,Dabtype
441,Tamera,Hartly,Bigender,Linklinks
442,Jeralee,Obeney,Genderqueer,Twitterbridge
443,Danella,Drummond,Bigender,Eayo
444,Josey,Baldacchi,Bigender,Kare
445,Eric,Carley,Polygender,Jabbertype
446,Ralph,Whatham,Polygender,Thoughtstorm
447,Alberto,De Gregario,Genderfluid,Quimm
448,Gracie,Boyce,Genderqueer,Trilia
449,Marcie,Bergin,Agender,Oloo
450,Torr,Dobson,Genderqueer,Voolia
451,Job,Vivian,Genderqueer,Thoughtsphere
452,Sapphire,Gilhouley,Genderfluid,Quatz
453,Dina,Gottschalk,Polygender,Dabshots
454,Des,Lewson,Polygender,Trudoo
455,Ernesto,Learmonth,Agender,Geba
456,Corabel,Carlett,Agender,Izio
457,Hussein,Painten,Genderqueer,Jayo
458,Daniele,Wadlow,Genderfluid,Agivu
459,Lianne,Torbeck,Bigender,Skimia
460,Kalila,Callender,Female,Zoonoodle
461,Fayre,Cleever,Non-binary,Riffpedia
462,Roz,Catcheside,Male,Trudeo
463,Shoshanna,Philipeaux,Agender,Edgeblab
464,Karry,Cudbertson,Genderfluid,Realcube
465,Bel,Downie,Polygender,Livetube
466,Gipsy,Kennady,Agender,Twinder
467,Ariella,Giacomo,Non-binary,Blognation
468,Susanne,Loader,Genderqueer,Youspan
469,Onfroi,Busfield,Bigender,Yakitri
470,Iris,Tibbles,Non-binary,Innojam
471,Andra,Nawton,Bigender,Kayveo
472,Torre,Houlridge,Polygender,Kazu
473,Cindra,Shelf,Polygender,Leexo
474,Yard,Filde,Agender,Centimia
475,Murdoch,Di Nisco,Genderfluid,Meembee
476,Jessee,Ducker,Non-binary,Katz
477,Cami,Cardenoza,Male,Thoughtstorm
478,Godard,Ferencz,Polygender,Linkbuzz
479,Annabell,Martschik,Female,Thoughtbridge
480,Ophelie,Lawes,Bigender,Tagpad
481,Alexandro,Guy,Female,Izio
482,Koral,Seeley,Non-binary,Tagfeed
483,Teddie,Currom,Male,Browseblab
484,Diena,Showers,Bigender,Avaveo
485,Salome,Wheeler,Genderfluid,Blogtag
486,Ambur,Hopfer,Male,Photobean
487,Zaneta,Preuvost,Genderqueer,Yakijo
488,Granthem,Jervis,Non-binary,Vidoo
489,Nert,Squirrel,Genderqueer,Babbleopia
490,Fairfax,Stavers,Genderfluid,Zoombox
491,Charita,Hardman,Genderfluid,Divanoodle
492,Gerianna,Trengove,Male,Chatterpoint
493,Ellie,Brumble,Non-binary,Tagtune
494,Gwendolyn,Brimm,Genderfluid,Devify
495,Chrissy,Mish,Non-binary,Zoomzone
496,Leia,Knight,Genderfluid,Devcast
497,Emlynn,Easun,Female,Jaxworks
498,Reece,Hazlewood,Genderqueer,Rhynyx
499,Englebert,Worvell,Polygender,Einti
500,Viviyan,Fernely,Agender,Twinder
501,Sherlocke,Pitbladdo,Genderfluid,Quinu
502,Erica,Michelotti,Non-binary,Twitterbeat
503,Maddi,Avraam,Genderfluid,Topicshots
504,Nelle,Broggio,Agender,Gabtune
505,Issiah,Hawkswell,Bigender,Centidel
506,Colan,Giacovelli,Male,Realfire
507,Yuri,Tuddenham,Agender,Yadel
508,Gilberto,Schwaiger,Male,Kanoodle
509,Darb,Hengoed,Non-binary,Linkbridge
510,Gil,La Vigne,Non-binary,Yakitri
511,Marylee,Pyburn,Polygender,Lazzy
512,Toiboid,Fishenden,Bigender,Teklist
513,Hunt,Edmed,Bigender,Innotype
514,Pearline,MacDowal,Genderfluid,Jabbersphere
515,Nissa,Howcroft,Female,Tazzy
516,Kathye,Fuidge,Male,Edgepulse
517,Alon,Tuckey,Female,Yabox
518,Iona,Armatidge,Genderqueer,Wordify
519,Deidre,Towson,Polygender,Dynazzy
520,Sianna,Fontelles,Genderqueer,Flashdog
521,Fabian,Spiller,Male,Tagcat
522,Mata,Hairsnape,Agender,Thoughtsphere
523,Auguste,Towns,Polygender,Devcast
524,Viviyan,Rosson,Bigender,Yakidoo
525,Liz,Shaplin,Male,Edgeblab
526,Currey,De Dantesie,Male,Livefish
527,Bobby,Whear,Female,Trilia
528,Astrid,Kabsch,Polygender,Gabvine
529,Wallace,Spellecy,Polygender,Twinder
530,Lara,Downey,Genderqueer,Flipopia
531,Kristo,Malt,Non-binary,Eayo
532,Marve,McRobbie,Agender,Realcube
533,Dianemarie,Chapelhow,Male,Skipstorm
534,Dalton,Bleby,Non-binary,Ooba
535,Guglielma,Manilo,Agender,Meetz
536,Clyde,Peacop,Non-binary,Brainsphere
537,Hamlin,Dominka,Polygender,Jazzy
538,Trenna,Sibbons,Genderfluid,Dabjam
539,Ban,Thody,Genderfluid,Fatz
540,Leela,Dyke,Genderqueer,Meejo
541,Kippie,Fearick,Male,Fivespan
542,Simon,Fairman,Non-binary,Dabshots
543,Theodora,Lavrinov,Genderfluid,Zoomcast
544,Dierdre,Rames,Bigender,Browseblab
545,Drona,Grieves,Bigender,Quamba
546,Shanta,Reader,Polygender,Realbuzz
547,Reagen,Winslet,Polygender,Quamba
548,Frederick,Robertacci,Agender,Quatz
549,Walden,Parysiak,Bigender,Fiveclub
550,Morganne,Mothersole,Polygender,Rhynyx
551,Kamillah,Darragon,Bigender,Oyonder
552,Kilian,Grigori,Polygender,Zoomzone
553,Obadiah,Maslin,Non-binary,Skipstorm
554,Bria,Cleare,Bigender,Voomm
555,Eugenius,Tourry,Genderqueer,Oba
556,Shannon,Mitrikhin,Bigender,Skajo
557,Cale,Alltimes,Polygender,Oozz
558,Rogers,Yearn,Genderfluid,Devbug
559,Demetris,Drury,Agender,Ooba
560,Rouvin,Imos,Bigender,Zava
561,Drucie,Morratt,Non-binary,Ainyx
562,Rupert,Kintzel,Genderqueer,Aivee
563,Vilhelmina,covino,Male,Browsezoom
564,Brantley,Bellison,Polygender,Cogidoo
565,Talbert,Cunniam,Polygender,Devpulse
566,Briana,Ferriere,Genderfluid,Tekfly
567,Antone,Ramshaw,Male,Skyble
568,Garrek,Goldthorp,Bigender,Jetwire
569,Danella,Summerill,Non-binary,Twimm
570,Alic,Fairhead,Male,Layo
571,Maudie,Kanwell,Non-binary,Kare
572,Benedict,Kendall,Bigender,Buzzster
573,Calley,Shillaber,Polygender,Zazio
574,Carmencita,Rowland,Genderqueer,Brainbox
575,Barron,Murkitt,Agender,Kare
576,Letta,Polkinhorn,Bigender,Podcat
577,Katine,Weinberg,Genderqueer,Kwinu
578,Rosita,Harvett,Bigender,Mymm
579,Trip,O'Doherty,Genderqueer,Gabcube
580,Kaila,Wason,Genderfluid,Oyoloo
581,Shelby,D'Andrea,Genderfluid,InnoZ
582,Tamera,Tennet,Bigender,Fliptune
583,King,Bernardotte,Female,Dabfeed
584,Denise,Ference,Genderqueer,Jabbertype
585,Bradford,Dargie,Agender,Blognation
586,Dani,Radleigh,Genderqueer,Yakidoo
587,Clayborne,McInally,Male,Fliptune
588,Rebekkah,Blas,Bigender,Rooxo
589,Pace,Bydaway,Non-binary,Wordtune
590,Sampson,Tumpane,Genderfluid,Wikibox
591,Deloris,Vurley,Genderqueer,Edgewire
592,Steffi,Cranage,Male,Twitterlist
593,Maddi,Farquar,Female,Buzzshare
594,Earlie,Stansbie,Agender,Topiclounge
595,Bevin,Ullett,Female,Skyble
596,Christiane,Curzey,Female,Skidoo
597,Minny,Dunthorn,Genderfluid,Janyx
598,Jenelle,Chapelle,Bigender,Photobug
599,Morty,Lanfere,Male,Flashdog
600,Hayes,Thorne,Non-binary,Zazio
601,Tom,Leckie,Bigender,Kazu
602,Minne,Benmore,Bigender,Oyoba
603,Cordula,Bouttell,Genderqueer,Eire
604,Donnell,Cobbled,Agender,Kazio
605,Maynord,Barneville,Non-binary,Riffpedia
606,Nikos,Capstaff,Agender,Skiptube
607,Elwira,Myford,Agender,Buzzbean
608,Lazare,Blamey,Bigender,Flipopia
609,Rich,Moral,Agender,Quinu
610,Marje,Castelin,Male,Zoonoodle
611,Celestia,Izzard,Male,Babbleopia
612,Marys,Geertsen,Polygender,Ozu
613,Tymothy,Burland,Agender,Youopia
614,Diana,Ingyon,Bigender,Aivee
615,Rodney,Harnott,Polygender,Tagchat
616,Nelson,Revington,Agender,Janyx
617,Daune,Humphris,Bigender,Yacero
618,Alix,Bachman,Polygender,Photofeed
619,Norene,Challiner,Female,Kaymbo
620,Lacee,Middlemist,Genderqueer,InnoZ
621,Shel,Merryfield,Agender,Youopia
622,Wainwright,McGarrahan,Genderqueer,Skyndu
623,Edvard,Huntress,Bigender,Browsezoom
624,Kelwin,Beckingham,Bigender,Realpoint
625,Austen,Stickells,Female,Thoughtstorm
626,Vicky,Proven,Genderfluid,Skivee
627,Fredrick,Coltart,Non-binary,Quire
628,Alexine,Arundel,Female,Dablist
629,Billye,Marty,Bigender,Snaptags
630,Edithe,Hackley,Female,Camido
631,Shandeigh,Pickton,Genderqueer,Flashspan
632,Pammy,Candish,Agender,Flashspan
633,Pebrook,Hallybone,Polygender,Ailane
634,Paulita,Edgeworth,Genderfluid,Jaxworks
635,Orin,Jumont,Male,Voonder
636,Aggie,Teaz,Genderqueer,Meetz
637,Rosana,Dressel,Genderqueer,Browsebug
638,Carley,Loveless,Female,Devify
639,Kippy,Ferson,Female,Skalith
640,Hugibert,Mikalski,Male,Zooxo
641,Regine,Johncey,Bigender,Omba
642,Elyssa,Renard,Female,Voolia
643,Casandra,Rabbe,Non-binary,Kwideo
644,Mady,Dumphries,Agender,Voonder
645,Lyell,Bradnock,Female,Buzzster
646,Pauli,Bontoft,Agender,Fliptune
647,Hirsch,Cutmere,Non-binary,Chatterbridge
648,Joanna,Warrillow,Genderfluid,Divanoodle
649,Cary,Ogle,Male,Kimia
650,Chelsie,Haighton,Bigender,Yombu
651,Arvin,Klimushev,Non-binary,Feedmix
652,Tremaine,Wilbud,Genderfluid,Fiveclub
653,Byrann,Diggens,Genderfluid,Wordtune
654,Nike,Skinn,Male,Zoozzy
655,Brew,Huddleston,Genderqueer,Blogspan
656,Kinna,Heitz,Genderfluid,Devcast
657,Torrance,Weeke,Bigender,Trilith
658,Ola,Fassbindler,Female,Realmix
659,Sissy,Bilney,Bigender,Zoomcast
660,Jessey,McKay,Polygender,Jaxspan
661,Mikaela,Kuhle,Genderfluid,Kwilith
662,Yetta,Burghill,Non-binary,Skyba
663,Rosanne,Akester,Bigender,Babbleblab
664,Donny,Giacomuzzi,Genderqueer,Jaloo
665,Randal,Kubik,Genderqueer,Roomm
666,Dawn,Yuille,Male,Eadel
667,Fidelio,Hamp,Bigender,Twimbo
668,Brear,Dunnico,Non-binary,Zoomdog
669,Tirrell,Paoletti,Female,Dynabox
670,Kahlil,Janse,Non-binary,Digitube
671,Dalston,Beasley,Polygender,Zoonoodle
672,Lillian,Hamblin,Female,Fivebridge
673,Nikolaus,Zellner,Female,Jaloo
674,Jeffrey,Quarless,Male,Quatz
675,Gonzales,Aubin,Non-binary,Topicblab
676,Grete,Godwin,Polygender,Centimia
677,Dru,Perrygo,Female,Realfire
678,Lindi,Congreave,Female,Midel
679,Henry,Vlasyuk,Male,Camido
680,Merrie,Rizzelli,Female,Zoozzy
681,Caldwell,Philpault,Non-binary,Babbleopia
682,Billie,Heersema,Non-binary,Camido
683,Howard,Emnoney,Agender,Gabtype
684,Agnella,Ord,Genderqueer,Ailane
685,Christiana,Farryann,Male,Demizz
686,Cynthea,Haldene,Non-binary,Flashset
687,Jobina,Thunnercliff,Genderfluid,Pixonyx
688,Leelah,Varker,Genderqueer,Mycat
689,Edik,Butchart,Male,Teklist
690,Cece,Stanbridge,Genderfluid,Fivebridge
691,Hailey,Simco,Male,Demimbu
692,Bab,Domleo,Female,Abata
693,Amalle,Gauford,Agender,Vitz
694,Cele,Laden,Non-binary,Zoomzone
695,Mikkel,Wisher,Agender,Centidel
696,Lane,Liley,Polygender,Tavu
697,Hewett,Kmicicki,Bigender,Avamm
698,Sandy,Bucham,Polygender,Blogpad
699,Cesya,Struthers,Male,Mymm
700,Marve,McGillivrie,Female,Rhybox
701,George,McKea,Non-binary,Twimm
702,Annamarie,Fidilis,Male,Skippad
703,Clary,Gomby,Male,Brightbean
704,Carney,Relfe,Genderfluid,Fadeo
705,Nikola,Chomiszewski,Polygender,Babblestorm
706,Luciana,Camamill,Genderfluid,Plajo
707,Etienne,O'Sherin,Polygender,Browsetype
708,Cilka,Delacroux,Non-binary,Wordify
709,Zoe,Bohea,Male,Yombu
710,Yancey,Openshaw,Non-binary,Kimia
711,Reagen,Rewcastle,Genderqueer,Wordtune
712,Shanon,Snoxall,Bigender,Yodo
713,Vaughn,Goodday,Genderqueer,Abatz
714,Lexi,Caurah,Polygender,Talane
715,Marie,Dolohunty,Male,Zoomlounge
716,Gerrie,Bunworth,Female,Rhynoodle
717,Lesya,Mityukov,Bigender,Tagchat
718,Andi,Comrie,Male,Blognation
719,Jacquelynn,Killen,Female,Realbuzz
720,Stephanus,Stringfellow,Female,Jamia
721,Nolana,Tomasutti,Bigender,Fadeo
722,Mollee,Sumbler,Male,Skyndu
723,Emlynne,Lindwasser,Genderqueer,Oyoba
724,Laney,Rockwell,Genderqueer,Yodel
725,Robinette,Realff,Agender,Demimbu
726,Reuven,Hammerton,Male,Topiclounge
727,Pepe,Fanner,Male,Dynabox
728,Hebert,Cullon,Genderqueer,Eadel
729,Cornie,Corfield,Female,InnoZ
730,Micah,Todhunter,Polygender,Einti
731,Richmond,Isacsson,Agender,Brainsphere
732,Gaylor,Noel,Genderqueer,Browsebug
733,Bebe,Isakov,Bigender,Gabvine
734,Dulcine,Gopsall,Female,Lazz
735,Shellysheldon,Hannaford,Female,Photospace
736,Gae,Bariball,Genderfluid,Innotype
737,Joceline,Duester,Non-binary,Divavu
738,Elinore,Ashingden,Genderqueer,Thoughtstorm
739,Hermina,Penswick,Agender,Skaboo
740,Ertha,Penniell,Non-binary,Yozio
741,Marya,Standrin,Non-binary,Skiptube
742,Twyla,Shardlow,Genderqueer,Voonix
743,Bard,Ronisch,Genderqueer,Kwilith
744,Kelci,Simmell,Non-binary,Skibox
745,Greggory,Mattheeuw,Bigender,Geba
746,Sylvan,Joddins,Genderfluid,Dazzlesphere
747,Layne,Byng,Bigender,Centizu
748,Susann,Causier,Male,Zoozzy
749,Helaine,Petrol,Genderqueer,Centimia
750,Ivy,O'Gavin,Non-binary,Kimia
751,Tadd,Coste,Female,Yodo
752,Yankee,Bester,Agender,Mymm
753,Olimpia,Shackleford,Polygender,Meeveo
754,Reynard,Keaveny,Genderqueer,Roombo
755,Philippine,Moulder,Non-binary,Thoughtblab
756,Shae,Espasa,Male,Quire
757,Carolyn,Cordier,Female,Blogspan
758,Andre,McPike,Genderqueer,Skipstorm
759,Hamid,Toffler,Agender,Blogspan
760,Melantha,Lonergan,Agender,Zooveo
761,Lacey,Petrov,Non-binary,Omba
762,Rayner,Damrel,Female,Centimia
763,Rowe,McWaters,Non-binary,Fivespan
764,Carey,Millthorpe,Agender,Flashset
765,Gib,Erickssen,Non-binary,Yakijo
766,Kirk,MacTeggart,Male,Youspan
767,Alexander,Curror,Agender,Youbridge
768,Eula,Rollins,Female,Ozu
769,Thia,Erett,Non-binary,Skajo
770,Alida,Pulford,Non-binary,BlogXS
771,Ranna,Bussetti,Non-binary,Topicblab
772,Ric,Campana,Bigender,InnoZ
773,Aloysius,Warlton,Genderqueer,Zoonder
774,Yolane,Shedd,Bigender,Blogpad
775,Marina,Budden,Agender,Dynabox
776,Isidor,Praill,Non-binary,Abata
777,Dore,Wynrehame,Agender,Linkbuzz
778,Tabby,Collyear,Polygender,Shufflester
779,Ira,Kinkead,Polygender,Dablist
780,Melitta,Eldrett,Genderfluid,Realcube
781,Madonna,Painswick,Genderfluid,Yakitri
782,Teresa,Elverstone,Female,Meevee
783,Ruthann,Penk,Polygender,Rhyzio
784,Layney,O'Caherny,Genderfluid,InnoZ
785,Eugenio,Crackett,Bigender,Flashset
786,Levi,Tourle,Genderfluid,Feedbug
787,Bearnard,Charker,Polygender,Kimia
788,Alicea,Websdale,Agender,Zoonder
789,Jerald,Strettle,Female,Quimm
790,Monroe,Zanuciolii,Genderqueer,Agivu
791,Eldridge,Enderby,Bigender,Wordify
792,Orville,Knaggs,Female,Devpoint
793,Marylynne,Christley,Bigender,Ntag
794,Whitney,Conibeer,Non-binary,Dynava
795,Wait,McBoyle,Female,Meemm
796,Levi,Pinney,Female,Feedspan
797,Tabbatha,Shellcross,Female,Dablist
798,Ximenez,Roeby,Bigender,Rhyloo
799,Hedy,Kroch,Genderqueer,Bubblebox
800,Colan,Hartill,Agender,Twitterwire
801,Dean,Nickerson,Polygender,Innotype
802,Kylie,Boykett,Bigender,Pixonyx
803,Fern,Blofield,Agender,Zoonoodle
804,Owen,Cornuau,Female,Myworks
805,Koren,Butterworth,Male,Riffwire
806,Eric,De Bernardi,Genderfluid,Voonte
807,Bonnie,Granleese,Genderqueer,Browsedrive
808,Tome,Bamell,Male,Thoughtmix
809,Dalt,Chewter,Female,Jabbersphere
810,Wendy,Soppeth,Agender,Thoughtstorm
811,Valentine,MacFarlane,Bigender,Jetpulse
812,Neille,Solon,Non-binary,Fivebridge
813,Turner,Gianettini,Genderqueer,Twimbo
814,Abeu,Lockley,Genderqueer,Yambee
815,Mateo,Philps,Female,Skipfire
816,Worthington,Windrus,Genderqueer,Photobug
817,Reed,Winchester,Female,Devpulse
818,Corie,Bodicum,Polygender,Wikibox
819,Harcourt,Yude,Bigender,Voonder
820,Marthena,Corradengo,Genderqueer,Quinu
821,Culver,Reedick,Non-binary,Wikizz
822,Maurene,Di Batista,Genderfluid,Lazzy
823,Ossie,Arent,Agender,Realcube
824,Calhoun,Sore,Polygender,Zoonder
825,Margo,Burehill,Polygender,Yakijo
826,Slade,Canner,Bigender,Zoonder
827,Andonis,Younglove,Female,Photobean
828,Winni,Matusov,Polygender,Camimbo
829,Grethel,Cuphus,Bigender,Katz
830,Collen,Ney,Agender,Topicblab
831,Morris,Pollastro,Bigender,Skinte
832,Jeanelle,Nelius,Female,Youtags
833,Ira,Fairey,Non-binary,Eadel
834,Bent,Erasmus,Agender,Youfeed
835,Benjie,Beushaw,Male,Chatterbridge
836,Corrina,Geraudel,Male,Yakijo
837,Forster,Mitchener,Male,Voomm
838,Emelen,Ybarra,Female,Kaymbo
839,Yank,Goldhill,Polygender,Quamba
840,Marina,Poynser,Bigender,Zazio
841,Jayson,Enrique,Genderqueer,Gabcube
842,Shaw,Spensley,Male,Browsedrive
843,Giffy,Prop,Bigender,Blognation
844,Israel,Francke,Agender,Skibox
845,Leland,Disman,Genderqueer,Edgetag
846,Barbara,Brill,Genderqueer,Kimia
847,Joyan,Fernie,Agender,Viva
848,Cordie,Theze,Bigender,Zoombeat
849,Cyrill,Bohike,Non-binary,Twitterbridge
850,Dolores,Torbet,Male,Camimbo
851,Hildegarde,Ditchett,Agender,Dabjam
852,Virgilio,Rivalant,Male,Eidel
853,Martguerita,D'Avaux,Agender,Muxo
854,Brandy,Tremmil,Bigender,Bubbletube
855,Abbot,Liddall,Genderqueer,Realcube
856,Syd,Gerbel,Agender,Wordify
857,Karyl,End,Genderfluid,Gabtune
858,Emelita,Lagadu,Agender,Latz
859,Cynthia,Willimont,Genderfluid,Browsecat
860,Anatole,Trewhitt,Bigender,Linklinks
861,Karlens,Dahlbom,Agender,Zooveo
862,Germain,Hodgon,Genderqueer,Zoomcast
863,Desiree,Vear,Genderfluid,Plajo
864,Spike,Koppke,Polygender,Skaboo
865,Elbert,Gready,Polygender,Tekfly
866,Lanny,Cargon,Bigender,Browsecat
867,Pace,Standall,Genderqueer,Kayveo
868,Keri,Lofts,Female,Eidel
869,Roarke,Tiplady,Genderqueer,Fliptune
870,Reggis,McGarrity,Bigender,Brainlounge
871,Kalil,Trewinnard,Genderqueer,Latz
872,Maddy,Anfrey,Polygender,Reallinks
873,Aguistin,Bennough,Bigender,Latz
874,Talya,Trenchard,Male,Cogidoo
875,Corrine,Linkin,Genderfluid,Tekfly
876,Siobhan,Oertzen,Agender,Oodoo
877,Sim,Grono,Female,Topicshots
878,Oren,Simonot,Bigender,Zoomlounge
879,Kienan,Linney,Non-binary,Muxo
880,Bianca,Yvon,Non-binary,Tagfeed
881,Foss,Crimpe,Agender,Realcube
882,Jaye,Mendel,Genderfluid,Cogidoo
883,Tonia,Josephy,Female,Yombu
884,Josiah,Ashwell,Genderqueer,Feedfish
885,Everett,Morgan,Genderqueer,Muxo
886,Claire,Osband,Genderqueer,Quatz
887,Erminia,Kisting,Bigender,Kamba
888,Alyss,Wands,Female,Rhyloo
889,Romain,Conti,Bigender,Centidel
890,Lorena,Thomsen,Male,Tagopia
891,Skippy,Teal,Agender,Brightdog
892,Thorndike,Childerhouse,Bigender,Eidel
893,Prinz,Ormond,Genderfluid,Viva
894,Fabio,Ingarfield,Female,Babbleopia
895,Kellen,Fearick,Genderqueer,Oyoba
896,Ekaterina,Losty,Agender,Youopia
897,Clark,Berthelet,Male,Zoonder
898,Theodora,Ertelt,Polygender,Tagcat
899,Dyane,Main,Male,Skivee
900,Nerte,Preece,Agender,Plambee
901,Christos,Rowcliffe,Non-binary,Gevee
902,Robbert,Rettie,Bigender,Divavu
903,Francine,Godber,Female,Blogtag
904,Garth,Cometto,Female,Devshare
905,Vale,Pulford,Bigender,Skinix
906,Leonid,Baversor,Non-binary,Twitterworks
907,Marlin,Lamden,Genderfluid,Rhyloo
908,Siusan,Desport,Polygender,Vinte
909,Albrecht,Landman,Agender,Bubbletube
910,Marya,Seyffert,Bigender,Tambee
911,Tomi,McMechan,Agender,Trilia
912,Eberto,Eathorne,Female,Twimbo
913,Misha,Exley,Female,Trupe
914,Codie,Neno,Non-binary,Browsedrive
915,Alric,Elgood,Bigender,Gevee
916,Claudette,Planks,Female,Oyoyo
917,Candis,Cubbon,Genderqueer,Realfire
918,Carissa,Shrimpling,Male,Kimia
919,Trenna,Stening,Female,Rhynoodle
920,Ardine,Braghini,Polygender,DabZ
921,Engracia,Dorot,Genderqueer,Jayo
922,Kip,Chiles,Male,Skyble
923,Giffie,Mitchelson,Non-binary,Kanoodle
924,Anett,Earlam,Genderfluid,Twitterlist
925,Bernetta,Bardwell,Bigender,Camido
926,Regine,Milham,Genderqueer,Zoonder
927,Deina,Elmar,Male,Eazzy
928,Tina,Everwin,Genderqueer,Rhybox
929,Franky,Cecely,Genderqueer,Eadel
930,Burlie,Oxenham,Agender,Ainyx
931,Farica,Scrowby,Bigender,Jayo
932,Boy,Ossulton,Polygender,Centimia
933,Letti,Escreet,Male,Vidoo
934,Arline,Cruikshank,Female,Yacero
935,Florrie,Pattisson,Agender,Yadel
936,Bab,Branchett,Agender,Feedmix
937,Nari,Mea,Genderqueer,BlogXS
938,Desiri,Bougen,Genderqueer,Thoughtstorm
939,Phip,Cheasman,Genderfluid,Innojam
940,Goober,Bernardinelli,Genderqueer,Meemm
941,Owen,Lancashire,Bigender,Centidel
942,Morgana,McGuire,Genderqueer,Skyvu
943,Myrah,Exposito,Non-binary,Eidel
944,Susie,Dolden,Non-binary,Tavu
945,Tansy,Putman,Polygender,Riffpedia
946,Thornie,MacRinn,Genderqueer,Blognation
947,Gerti,Herkess,Female,Oozz
948,Dirk,Craske,Polygender,Tanoodle
949,Eileen,Sighart,Non-binary,Nlounge
950,Neils,Cawthron,Genderqueer,Dynabox
951,Sela,Tuft,Genderqueer,Topicstorm
952,Rainer,Lyven,Genderqueer,Zoombeat
953,Berk,Simcock,Male,Omba
954,Georgeta,de Nore,Non-binary,Flashset
955,Valeda,Nelthorp,Male,Topicblab
956,Phineas,Haskew,Bigender,Gabspot
957,Nara,Lyptrade,Genderfluid,Twitterwire
958,Ruperta,Cowley,Polygender,Buzzdog
959,Frederigo,Idiens,Non-binary,Abata
960,Lilyan,Ferrer,Agender,Tagcat
961,Dennie,Veracruysse,Polygender,Dabfeed
962,Mickie,Chalker,Genderqueer,Mycat
963,Merola,Hallt,Genderqueer,Voomm
964,Abran,Lehr,Bigender,Skippad
965,Rennie,Grasser,Agender,Digitube
966,Somerset,Greener,Non-binary,Centizu
967,Rex,Kemer,Polygender,Teklist
968,Slade,Wabb,Polygender,Voonyx
969,Ethan,Babcock,Bigender,Jayo
970,Sarge,Mazella,Polygender,Realcube
971,Nike,Dulany,Agender,Devcast
972,Jacintha,Bennion,Agender,Realmix
973,Terrence,Ayton,Female,Kazu
974,Gladi,Vasiljevic,Genderfluid,Riffpath
975,Darren,Sibbet,Genderfluid,Vitz
976,Corena,Physick,Polygender,LiveZ
977,Marice,Yarrall,Agender,Realbuzz
978,Rolfe,Ewington,Bigender,Fatz
979,Byrle,Bennion,Polygender,Wikivu
980,Augustus,Van der Hoven,Agender,Pixonyx
981,Fred,Rolfo,Male,Jaxbean
982,Phylys,Hubbert,Genderfluid,Leenti
983,Chrissie,Brimming,Bigender,Fliptune
984,Gil,Stopps,Female,Latz
985,Timmy,Payn,Agender,Gigazoom
986,Zachery,Kibard,Genderqueer,Thoughtmix
987,Dwayne,Newling,Non-binary,Kare
988,Salvador,Mutlow,Female,Yabox
989,Lilah,Huddart,Bigender,Gigabox
990,Terencio,Pinchon,Non-binary,Meeveo
991,Ash,Pedrocchi,Male,Mynte
992,Korrie,Brett,Bigender,Blogspan
993,Bengt,McGiff,Bigender,Devbug
994,Marie,Carlin,Genderqueer,Yakitri
995,Elicia,Winridge,Polygender,Dabvine
996,Perry,Sweett,Non-binary,Linktype
997,Archibaldo,Hannaford,Female,BlogXS
998,Johannes,Klawi,Bigender,Jetpulse
999,Palmer,Gullberg,Non-binary,Pixoboo
1000,Ikey,Lemmon,Polygender,Tagtune
