id,first_name,last_name,Gender,Company_Name
1,Dorothy,Lawson,Female,Youtags
2,Frances,Oliver,Female,Blogtag
3,Marilyn,Garrett,Female,Voomm
4,Deborah,Watkins,Female,Kazu
5,Aaron,Morrison,Male,Quatz
6,Johnny,Daniels,Male,Aimbu
7,Sean,Mccoy,Male,Browsecat
8,Anna,Williams,Female,Yodo
9,Patricia,Rose,Female,Podcat
10,Tammy,Gilbert,Female,Eadel
11,John,Lewis,Male,Zazio
12,Linda,Bishop,Female,Topiclounge
13,Victor,Alexander,Male,Edgepulse
14,Linda,Freeman,Female,Ooba
15,Donna,West,Female,Twinder
16,Andrew,Bowman,Male,Trilia
17,Andrea,Willis,Female,Oyonder
18,Raymond,Watkins,Male,Gigashots
19,Sean,Henry,Male,Edgetag
20,Brenda,Grant,Female,Realpoint
21,Virginia,Simpson,Female,Livepath
22,Todd,Jacobs,Male,Wikizz
23,Judith,Dean,Female,Ailane
24,Patricia,Fowler,Female,Mynte
25,Albert,Morris,Male,Feedfire
26,George,Jacobs,Male,Jabbercube
27,Willie,Mitchell,Male,Realfire
28,Stephanie,Lynch,Female,Centizu
29,Martha,Dunn,Female,Youspan
30,Katherine,Henry,Female,Camido
