id,first_name,last_name,DateOfJoining,Salary
1,Vinny,Macak,12/9/2022,1657
2,Cullan,O'Mohun,10/7/2022,2902
3,Terrence,Gowanson,3/6/2023,4947
4,Salvador,Reston,11/23/2022,7858
5,Corbin,Sellwood,4/14/2023,9637
6,Debi,Tett,8/27/2022,8092
7,Baily,Plait,4/26/2023,6304
8,Yalonda,Garbutt,3/14/2023,7525
9,Tandi,Spincks,4/22/2023,4844
10,Chaunce,Cranstoun,3/31/2023,5572
11,Fremont,Bembrigg,2/27/2023,3673
12,Adina,Hovee,10/15/2022,7226
13,Charmion,Pachmann,1/11/2023,4895
14,Franchot,Muffett,1/17/2023,3935
15,Kim,Hornig,7/27/2022,8646
16,Kingston,Maciak,3/11/2023,8918
17,Ole,Meyrick,8/6/2022,6054
18,Edi,Lagneaux,10/7/2022,8509
19,Dianna,Gierok,9/19/2022,3265
20,Fleur,Lewsley,12/9/2022,1468
21,Yetty,Yendle,12/15/2022,7195
22,Cristian,Dunk,7/21/2022,7111
23,Lindsay,Quarless,10/24/2022,9955
24,Avrom,Whysall,10/3/2022,4658
25,Tiff,Breeton,11/23/2022,1023
26,Hazlett,Heinemann,12/11/2022,1465
27,Davon,Doornbos,4/30/2023,6351
28,Erie,Goldhawk,3/10/2023,2340
29,Kinna,Biagi,11/3/2022,4285
30,Dalt,Fareweather,10/21/2022,1865
31,Zenia,Fidelus,12/24/2022,9846
32,Jorey,McComas,9/14/2022,7002
33,Damaris,Capey,9/12/2022,1066
34,Barbaraanne,Clappison,3/8/2023,5302
35,Bryn,Blesli,11/3/2022,2999
36,Ruggiero,Speares,2/6/2023,5541
37,Maisey,Poplee,9/14/2022,4194
38,Lorri,Derill,4/25/2023,8847
39,Benjamin,Hancke,8/27/2022,3040
40,Josi,Giacovelli,7/28/2022,7489
41,Benoit,Arnaldo,11/12/2022,4707
42,Fania,Jans,6/22/2022,1316
43,Marleen,Settle,5/28/2023,6325
44,Arabel,Eadington,3/26/2023,5497
45,Modestine,Birds,9/3/2022,3488
46,Brinna,Hollibone,12/9/2022,9515
47,Arron,Gilliver,6/26/2022,6677
48,Evita,Abramski,5/30/2023,3635
49,Bordy,Blucher,10/8/2022,1126
50,Alison,D'eath,12/3/2022,3594
51,Caroljean,Flockhart,3/3/2023,9376
52,Kendre,Dilger,10/4/2022,1902
53,Miquela,Featherstone,1/26/2023,3268
54,Melly,Ventom,8/27/2022,7566
55,Jehu,Henkmann,6/10/2022,8852
56,Barri,Larenson,1/22/2023,8253
57,Rollins,Caulcutt,1/6/2023,1997
58,Evelyn,Rutigliano,1/4/2023,8044
59,Rhett,O'Logan,12/5/2022,7972
60,Antonius,Fuidge,1/18/2023,3184
61,Jerry,Dacca,8/2/2022,3611
62,Louis,Iapico,6/23/2022,5754
63,Nikolaus,Curzon,7/29/2022,4269
64,Clarissa,Duffield,7/17/2022,4215
65,Tynan,Roelvink,6/21/2022,6352
66,Vanessa,Hurlston,4/12/2023,4889
67,Beatrix,Leopold,1/14/2023,6676
68,Christabella,Camis,12/14/2022,9427
69,Sholom,Coite,10/29/2022,3201
70,Karrah,Lambie,2/21/2023,8849
71,Corrie,Muff,2/12/2023,4029
72,Sergio,Hebron,7/26/2022,6163
73,Nilson,Neames,11/5/2022,9137
74,Miguel,Secret,5/16/2023,4847
75,Ford,Heinicke,7/27/2022,2600
76,Bevon,Presslie,11/10/2022,5886
77,Jacquelyn,Brusle,9/18/2022,7029
78,Callida,Caesar,8/7/2022,9669
79,Angelika,Grayston,3/4/2023,1839
80,Leyla,Quiddihy,2/26/2023,4288
81,Idell,Toor,7/7/2022,5629
82,Beale,Duigenan,10/23/2022,2828
83,Deb,Sheeran,3/2/2023,4530
84,Cassandra,Weeks,10/28/2022,2827
85,Licha,Jupp,7/20/2022,2723
86,Gav,Luebbert,2/11/2023,9878
87,Yuri,Moehler,5/24/2023,4124
88,Edwina,Gethyn,11/11/2022,7420
89,Selby,Cressy,12/12/2022,9047
90,June,Rase,5/17/2023,2740
91,Hew,Huggen,7/30/2022,8910
92,Marget,Degoy,6/23/2022,3053
93,Donalt,Seldner,5/18/2023,3757
94,Sonni,Hain,6/14/2022,4320
95,Danika,Vedyasov,5/1/2023,7739
96,Janenna,Downgate,2/15/2023,6556
97,Tillie,Burcher,8/25/2022,8382
98,Enrico,Tight,11/11/2022,3925
99,Freemon,Liebermann,1/3/2023,6265
100,Reuben,Wenham,9/26/2022,4811
101,Arley,Brugemann,3/9/2023,4965
102,Parrnell,Kinnerk,7/17/2022,1573
103,Quincy,Raecroft,2/6/2023,5885
104,Tessi,Westmorland,11/27/2022,7924
105,Ira,Pedden,8/27/2022,3973
106,Pincus,Matyushenko,7/15/2022,9003
107,Gerik,Boulde,5/27/2023,1489
108,Barnabas,Camlin,12/13/2022,3063
109,Kari,Antonio,11/21/2022,5350
110,Carlee,Casson,9/8/2022,9572
111,Lelah,Peach,12/8/2022,4723
112,Rowney,Raynham,4/27/2023,2632
113,Nixie,Brocking,7/29/2022,4128
114,Jacklyn,Dicke,5/2/2023,7869
115,Wheeler,Rois,12/12/2022,2827
116,Melba,Mathelin,11/28/2022,1262
117,Jenny,Layne,9/22/2022,5383
118,Lonna,Pearcey,6/13/2022,7067
119,Osmund,Novotna,1/4/2023,2559
120,Seana,Maybey,7/4/2022,4181
121,Lissie,Cicci,9/19/2022,5006
122,Leonanie,Johannes,7/28/2022,1836
123,Rosanne,Rosenhaus,10/11/2022,4884
124,Almeda,Halbeard,6/5/2022,2789
125,Norene,Southorn,8/25/2022,6379
126,Cordie,Radeliffe,1/5/2023,6605
127,Benedict,Edmondson,9/9/2022,8549
128,Webb,Mobbs,9/11/2022,3499
129,Isahella,Liquorish,9/28/2022,9970
130,Ada,Yorath,12/24/2022,6652
131,Jamey,Sansam,12/19/2022,4978
132,Gwenny,Hanrahan,4/26/2023,1910
133,Anders,Ties,3/30/2023,2008
134,Brendin,Leyden,3/27/2023,2043
135,Johan,Zimmermanns,11/5/2022,5056
136,Margaux,Conibear,12/22/2022,8965
137,Katinka,Wayvill,1/2/2023,6089
138,Hugibert,Fabler,9/13/2022,5510
139,Christin,Brandes,9/3/2022,6703
140,Sherlocke,Dearing,2/7/2023,1645
141,Filberte,James,4/23/2023,5269
142,Constantia,Nickels,7/7/2022,7447
143,Stewart,Sighard,3/26/2023,5242
144,Toiboid,Inglis,5/29/2023,3346
145,Marcelia,Traut,11/30/2022,2575
146,Shandee,Somes,9/24/2022,8527
147,Carling,Row,10/30/2022,6595
148,Trstram,Mee,1/7/2023,6713
149,Graig,Cleminshaw,12/14/2022,3680
150,Davide,Potts,11/13/2022,5558
151,Nomi,Coffin,12/20/2022,9290
152,Rozella,MacGarvey,1/29/2023,8871
153,Reta,Nelthrop,10/9/2022,8999
154,Cosette,Lemerie,5/3/2023,5033
155,Terrill,Olding,6/11/2022,4411
156,Redford,Creddon,7/27/2022,6717
157,Syd,MacNalley,6/25/2022,1378
158,Letty,Sparey,4/18/2023,4346
159,Feliks,Farmloe,8/19/2022,7578
160,Randy,Closs,6/25/2022,6892
161,Frances,Ducham,9/22/2022,8251
162,Caitlin,Crake,5/30/2023,8263
163,Tamqrah,Sterrie,12/29/2022,9181
164,Birdie,Skentelbury,5/28/2023,7970
165,Michele,Anscombe,7/20/2022,7185
166,Shane,Perrigo,4/8/2023,6859
167,Karine,Rapport,2/13/2023,2307
168,Wilhelm,Starmore,3/6/2023,8088
169,Burty,Bromehead,3/29/2023,8702
170,Florie,Willmont,11/1/2022,1986
171,Trudey,Shapcott,12/15/2022,9692
172,Crista,Gunney,12/18/2022,4723
173,Tony,Linfoot,7/5/2022,5331
174,Billye,Casswell,8/1/2022,4323
175,Robert,Croxon,10/5/2022,9345
176,Maure,Beeckx,12/3/2022,7750
177,Marchelle,Itschakov,9/25/2022,4809
178,Jillene,Shirtcliffe,7/15/2022,4457
179,Flor,Mundle,1/3/2023,8723
180,Isadore,Rigolle,9/18/2022,6029
181,Scotty,Avraam,10/16/2022,2000
182,Dennis,Aslett,10/24/2022,9689
183,Zarah,Senechault,9/10/2022,6907
184,Huntlee,Tidey,8/5/2022,8877
185,Cull,Ugoletti,6/22/2022,6592
186,Frannie,Hartus,9/15/2022,2799
187,Mozes,Raggitt,6/24/2022,1370
188,Kerry,Chavez,6/18/2022,2687
189,Jolee,Vallack,1/29/2023,8629
190,Steffen,Hollier,6/19/2022,3443
191,Niall,Tock,3/5/2023,5702
192,Quillan,Stonehouse,1/15/2023,2073
193,Wolfgang,Tudball,7/13/2022,9357
194,Porty,Maxwell,12/31/2022,6372
195,Ralina,Dacombe,6/6/2022,1159
196,Phylis,Bahl,10/18/2022,8926
197,Tove,Bevan,2/3/2023,5473
198,Doria,Holmyard,11/25/2022,8222
199,Janella,Loram,12/28/2022,1821
200,Tudor,Orgen,2/23/2023,5729
201,Chrysler,Cecchi,6/2/2022,4856
202,Heinrik,Aslott,8/31/2022,6090
203,Mable,Ranshaw,11/13/2022,6088
204,Monti,Sive,10/3/2022,3752
205,Sawyer,Hanssmann,5/7/2023,1357
206,Terrijo,Stritton,8/23/2022,2545
207,Zena,Mixture,10/29/2022,4295
208,Murdoch,Mesias,10/29/2022,2226
209,Lanie,Jobbing,7/20/2022,8526
210,Faina,Fulle,9/23/2022,5992
211,Tove,Nimmo,9/30/2022,5717
212,Gaylene,Sinclaire,4/3/2023,4020
213,Bram,Aynscombe,9/28/2022,5325
214,Gustavus,Picheford,4/10/2023,3539
215,Napoleon,Welton,2/12/2023,8172
216,Adolf,Rubi,3/6/2023,6976
217,Anjela,Bovis,5/17/2023,9502
218,Demeter,Whittington,5/7/2023,2983
219,Janis,Lunn,7/29/2022,3664
220,Welsh,Hapke,9/16/2022,4985
221,Gaylor,Novkovic,5/4/2023,2926
222,Earle,Clavering,2/4/2023,8195
223,Tannie,Thay,7/22/2022,4999
224,Mitch,Extance,6/5/2022,3696
225,Letitia,Gegay,7/8/2022,5422
226,Rutter,Bertram,5/22/2023,9883
227,Simona,Slayford,10/7/2022,4483
228,Vi,Kytley,3/21/2023,4560
229,Ava,Dummett,10/8/2022,8736
230,Robinette,Figgures,11/8/2022,2833
231,Marty,Dallender,6/3/2022,8482
232,Noble,Ferrari,9/25/2022,5596
233,Ade,Kneesha,6/9/2022,8138
234,Zaccaria,Shedden,11/18/2022,8326
235,Mildrid,Newey,3/22/2023,8324
236,Brandon,Sailor,3/29/2023,9235
237,Marjie,Knutton,11/15/2022,6339
238,Eric,Sendley,5/25/2023,8642
239,Christin,Robart,5/28/2023,8002
240,Carter,Willerstone,12/23/2022,5412
241,Reynold,Mattheus,11/6/2022,6647
242,Dun,Kensall,7/2/2022,9289
243,Zacharie,Dessant,5/19/2023,7885
244,Donalt,Philot,7/20/2022,6266
245,Dell,Trenbay,11/1/2022,9032
246,Mirabelle,Wesgate,2/28/2023,8990
247,Hube,Auton,11/13/2022,9784
248,Nari,Cotterel,7/13/2022,6829
249,Philis,Bavridge,12/29/2022,2268
250,Gian,Pancost,5/21/2023,3290
251,Annadiana,Jeduch,4/17/2023,7292
252,Paolina,Sharrier,3/29/2023,6396
253,Kendrick,Velden,10/17/2022,5016
254,Merrill,Carnihan,12/30/2022,4043
255,Garland,Gullivent,9/9/2022,6621
256,Vere,Leverich,9/25/2022,4198
257,Carson,Rusted,1/12/2023,2664
258,Fonzie,Assandri,10/12/2022,7254
259,Harriett,Abbess,11/23/2022,5802
260,Lorene,Forson,3/13/2023,4344
261,Marven,Caldairou,3/11/2023,6293
262,Spence,McCulloch,3/26/2023,4369
263,Yanaton,Offin,1/17/2023,1028
264,Sibel,Creffield,4/25/2023,4420
265,Doria,Woollam,1/10/2023,7385
266,Xymenes,Deners,11/20/2022,1187
267,Chryste,O'Duane,9/18/2022,1111
268,Darsie,Antcliffe,5/6/2023,2416
269,Keith,Anwyl,11/18/2022,5725
270,Morgana,Jaher,9/11/2022,5969
271,Gillan,Plinck,4/2/2023,5907
272,Lyell,Grog,5/8/2023,5117
273,Georg,Garwill,8/16/2022,6287
274,Alverta,Halgarth,8/5/2022,8490
275,Sheff,Vedishchev,7/18/2022,5197
276,Amil,Jikylls,3/22/2023,8951
277,Katheryn,Roubottom,12/9/2022,1721
278,Geri,Gumbley,2/24/2023,6524
279,Talbot,Dessaur,12/4/2022,2365
280,Arleen,Exton,11/28/2022,7469
281,Bettye,Leeson,11/4/2022,8941
282,Corney,Karpushkin,12/20/2022,7008
283,Caterina,Odom,2/2/2023,4415
284,Giffy,Pendergrast,11/4/2022,1663
285,Gamaliel,Goligly,6/3/2022,5048
286,Chandler,McNeish,12/6/2022,8672
287,Nicol,Dudderidge,8/3/2022,3836
288,Nicole,Rosenblum,12/4/2022,3666
289,Kare,Cornelius,2/28/2023,6108
290,Kearney,Stapley,12/13/2022,8547
291,Alwin,Asch,11/20/2022,6288
292,Meridel,Hawley,10/30/2022,2921
293,Tammie,Peak,12/22/2022,9132
294,Gilburt,Joscelyn,9/9/2022,9612
295,Gayel,Serjent,9/13/2022,3272
296,Olga,Tondeur,12/10/2022,7511
297,Aron,Croft,5/8/2023,9844
298,Susy,Cardo,8/2/2022,8224
299,Theodoric,Adam,2/6/2023,6729
300,Dorrie,Buggy,10/24/2022,6883
301,Tades,Syne,10/27/2022,8615
302,Darci,De Pero,4/28/2023,2504
303,Sibel,Ramsbotham,1/16/2023,1490
304,Alfy,Grimwood,7/8/2022,2620
305,Forester,Rikard,7/18/2022,5044
306,Marysa,Pattemore,6/5/2022,9399
307,Christin,Loddy,12/14/2022,4556
308,Ralf,Coulston,9/13/2022,3220
309,Carlina,Skokoe,7/17/2022,4574
310,Zachary,Bend,3/6/2023,9955
311,Gerda,Hearns,5/21/2023,2424
312,Matteo,Sydenham,9/11/2022,9932
313,Barnie,Knutton,10/9/2022,5247
314,Lauren,Callaby,1/23/2023,9421
315,Silvanus,Championnet,4/8/2023,9470
316,Annmaria,Corcut,1/6/2023,8379
317,Parrnell,Quesne,1/20/2023,2476
318,Sully,Alwin,6/8/2022,4701
319,Grace,Dautry,12/20/2022,4468
320,Emmalyn,Ca,7/11/2022,5721
321,Hubey,Alenikov,2/3/2023,6953
322,Osmund,Litchfield,8/3/2022,8734
323,Mabel,Droogan,6/14/2022,8330
324,Sharon,Heinel,11/5/2022,3031
325,Annamarie,Bedin,8/9/2022,7227
326,Conrado,Chimienti,3/13/2023,8780
327,Giulio,Rennenbach,7/13/2022,1935
328,Michal,Dillingston,9/14/2022,1607
329,Margette,Holbie,5/23/2023,4451
330,Sande,Corneliussen,4/24/2023,7690
331,Cristionna,Moscrop,10/2/2022,6746
332,Sax,O'Lahy,6/11/2022,4226
333,Sandro,Worvell,4/5/2023,8915
334,Artemus,Jakubiak,10/7/2022,2215
335,Edwin,Kirsopp,10/20/2022,5408
336,Timmy,Aps,8/5/2022,1072
337,Daniella,Duffet,10/14/2022,8109
338,Darren,Kiossel,11/23/2022,5472
339,Barry,McArthur,1/5/2023,6771
340,Aime,Fidgett,1/28/2023,7343
341,Nate,Skoate,7/8/2022,8679
342,Karole,Edgeon,12/17/2022,4683
343,Paulo,Cooney,12/24/2022,6655
344,David,Sellick,7/29/2022,2133
345,Nicola,Garth,10/27/2022,1574
346,Mufi,How to preserve,2/18/2023,7640
347,Penny,Odde,4/29/2023,3407
348,Sharla,Ashlee,10/14/2022,5525
349,Sumner,Radford,7/28/2022,6177
350,Dolores,Rosengren,5/7/2023,7518
351,Ethe,Gwinnett,10/9/2022,8532
352,Cynthia,Jorcke,2/21/2023,9809
353,Costa,Watkiss,8/30/2022,1584
354,Lorinda,Wibrow,1/9/2023,5177
355,Suzanne,Krook,11/9/2022,1831
356,Theobald,Riccard,12/10/2022,9457
357,Timmi,Ascrofte,7/6/2022,6715
358,Barron,Lofting,8/17/2022,5451
359,Vladimir,Pancoast,10/8/2022,4762
360,Siouxie,Heinsh,6/21/2022,8929
361,Horton,Jonas,3/10/2023,1070
362,Clemens,Ivanikhin,5/3/2023,5458
363,Melba,Edgeson,1/6/2023,7092
364,Valerye,Lahive,6/28/2022,6090
365,Ole,Arunowicz,9/8/2022,2239
366,Rosamund,Adams,8/20/2022,9169
367,Frants,Keme,9/13/2022,3969
368,Neila,Gledstane,10/23/2022,3360
369,Marius,Lillicrop,8/14/2022,7651
370,Leoine,Keijser,11/9/2022,2555
371,Maudie,Galia,5/5/2023,9608
372,Marten,Aleksahkin,6/22/2022,9480
373,Laurie,Castaner,1/29/2023,7839
374,Elden,Bodman,11/8/2022,6237
375,Maurise,Burnside,10/1/2022,7881
376,Ronnica,MacKimmie,1/22/2023,9824
377,Fernande,Dines,5/13/2023,3172
378,Ernesto,Lowdyane,3/5/2023,1980
379,Brandyn,Doumer,4/7/2023,9228
380,Elisabetta,Wimbridge,10/31/2022,3705
381,Amity,Duny,4/20/2023,6365
382,Estella,Knowller,3/22/2023,4770
383,Reidar,Willey,1/20/2023,3400
384,Elijah,Harrington,1/24/2023,1842
385,Murielle,Colgrave,4/27/2023,7063
386,Trish,Clac,10/13/2022,2166
387,Bentley,Ogles,11/26/2022,3943
388,Cassandry,Oret,12/3/2022,1801
389,Vale,Penn,8/20/2022,8682
390,Wilt,Surby,7/12/2022,4947
391,Verine,Dofty,10/13/2022,1235
392,Lotta,Meaddowcroft,2/21/2023,4322
393,Dilan,Klimsch,1/4/2023,6116
394,Auberon,Dayton,10/14/2022,5710
395,Thibaut,Letterick,11/14/2022,6618
396,Ki,Ofield,3/10/2023,6198
397,Karl,Earley,1/27/2023,4543
398,Barb,Bodocs,2/6/2023,4586
399,Delinda,Dyer,9/12/2022,5734
400,Kienan,Bes,10/1/2022,1270
401,Enrika,Tuiller,1/26/2023,9258
402,Arch,Cheney,10/19/2022,6972
403,Madella,Ferrotti,10/28/2022,3782
404,Ellwood,Ennals,2/14/2023,3631
405,Elijah,Delleschi,5/8/2023,8024
406,Duke,Jowsey,12/20/2022,1475
407,Kienan,Arkwright,8/9/2022,4323
408,Mozelle,Lanchbery,6/30/2022,2431
409,Conroy,Standeven,4/17/2023,7532
410,Umeko,Monelli,8/21/2022,5550
411,Willis,Izard,9/30/2022,1876
412,Rabi,Bysshe,6/30/2022,9910
413,Norma,Dober,1/19/2023,7714
414,Whittaker,Le Strange,8/13/2022,9132
415,Conway,McAughtry,7/17/2022,3299
416,Aimil,Askem,12/28/2022,3400
417,Lyle,Lanahan,1/5/2023,3260
418,Edythe,Moralis,2/14/2023,7721
419,Remington,Orrocks,4/3/2023,6740
420,Ephrayim,Boundey,3/24/2023,1272
421,Antoni,Peaseman,4/24/2023,8807
422,Anet,Borborough,2/26/2023,5549
423,Daryn,Carrabot,11/27/2022,4857
424,Yardley,Bousfield,3/25/2023,3662
425,Adella,Barensen,9/3/2022,5574
426,Zorah,Shaughnessy,5/7/2023,4766
427,Vera,Bott,9/13/2022,6178
428,Madella,Hainsworth,4/10/2023,5093
429,Thaddeus,Harsum,12/3/2022,1252
430,Nickolas,Haselgrove,12/19/2022,3852
431,Cristabel,Pickring,9/22/2022,3389
432,Robbi,Westcarr,4/9/2023,5607
433,Lenore,Conyers,6/17/2022,2245
434,Barrett,Olyunin,12/20/2022,7247
435,Teirtza,Delf,1/31/2023,6646
436,Libbey,Gabites,3/14/2023,3092
437,Ferd,Masarrat,6/20/2022,2687
438,Sayer,Kindred,9/14/2022,3115
439,Marcille,Orsay,9/2/2022,4021
440,Datha,Markovich,5/24/2023,8835
441,Judith,Impy,1/19/2023,9058
442,Birdie,Chown,1/9/2023,1825
443,Liliane,De Giorgi,4/26/2023,8518
444,Keenan,Pott,12/4/2022,9890
445,Cornall,Swinbourne,12/15/2022,1889
446,Dorian,O'Feeney,9/4/2022,8057
447,Otha,Cressar,11/29/2022,8216
448,Fleurette,Pyer,12/15/2022,3260
449,Ignazio,Tampion,9/25/2022,1948
450,Haslett,Croxley,6/7/2022,6101
451,Charisse,Pedlar,12/9/2022,2613
452,Piggy,McFade,5/11/2023,7931
453,Claiborn,Scrivenor,12/18/2022,3343
454,Atlante,Humbatch,8/8/2022,6727
455,Rosie,Harlin,4/13/2023,7998
456,Bentlee,Treadwell,5/28/2023,3314
457,Irvin,Timpany,10/13/2022,9627
458,Alejandrina,Jeacop,9/25/2022,6124
459,Amber,Wyre,4/11/2023,1213
460,Saxon,Besnard,1/9/2023,8525
461,Mitch,Sahnow,11/12/2022,2375
462,Bernie,Kirtlan,2/8/2023,1084
463,Rodd,Ramirez,4/3/2023,7339
464,Deeanne,Culp,11/6/2022,4743
465,Micky,Krolman,10/1/2022,7629
466,Amitie,Philippeaux,1/1/2023,5198
467,Roxi,Kilgannon,9/14/2022,4526
468,Simonette,Metrick,3/11/2023,4116
469,Angelique,Jeduch,8/26/2022,4328
470,Herculie,Butler,6/27/2022,4009
471,Siobhan,Emblem,10/12/2022,5675
472,Sauncho,Strowan,1/1/2023,5464
473,Iver,Burless,6/10/2022,5140
474,Beret,Baudou,5/7/2023,2962
475,Lewiss,Vasilmanov,5/26/2023,6242
476,Birk,Milkeham,11/30/2022,9693
477,Sheila-kathryn,Deetch,3/4/2023,2297
478,Charita,Obey,7/19/2022,2576
479,Matthias,Kenan,12/13/2022,5804
480,Ryun,McKenzie,2/25/2023,3980
481,Stanislaus,Brandham,4/15/2023,9783
482,Olivie,Beasant,8/12/2022,2427
483,Wandie,Gladdish,11/16/2022,9496
484,Barbee,Erdely,6/30/2022,6922
485,Brandtr,Arghent,8/9/2022,5312
486,Hobart,Haglington,1/1/2023,5330
487,Saleem,Crichmere,7/6/2022,4328
488,Reade,Larrat,9/1/2022,9600
489,Noah,Freyne,9/20/2022,3905
490,Eduino,Issatt,5/29/2023,2770
491,Bunni,Rudloff,3/9/2023,9913
492,Meridel,Denton,4/18/2023,1407
493,Theo,Shayes,10/5/2022,5341
494,Courtney,Rappa,10/20/2022,8575
495,Derwin,Mellhuish,9/24/2022,3810
496,Rebecka,Izchaki,10/23/2022,4995
497,Lyndel,Beaford,9/16/2022,5694
498,Laney,Postill,4/3/2023,3604
499,Clive,Langelay,7/3/2022,9823
500,Harrie,Farbrother,7/23/2022,8547
501,Jobyna,Kyngdon,6/18/2022,6744
502,Blondell,Findley,7/3/2022,3917
503,Olenolin,Blaza,12/7/2022,6012
504,Tibold,Ummfrey,10/3/2022,1936
505,Hallie,Chicchelli,4/15/2023,7251
506,Briney,Conyard,1/6/2023,5961
507,Zachariah,Scaife,4/29/2023,2715
508,Lisetta,Heskins,11/25/2022,9431
509,Roddie,Hendricks,7/11/2022,6796
510,Gwenette,Garey,3/6/2023,7150
511,Richart,Huntly,12/4/2022,2076
512,Reyna,Stiell,4/4/2023,9553
513,Zack,Barrable,12/5/2022,9043
514,Jonas,Groger,2/21/2023,1507
515,Charline,Moehle,2/17/2023,8111
516,Kordula,Mawford,3/14/2023,5254
517,Birk,Teodorski,11/23/2022,9772
518,Dionysus,Elgood,2/26/2023,4454
519,Hatty,Wren,3/9/2023,4548
520,Blondell,Pogosian,2/25/2023,2989
521,Benny,Woliter,11/8/2022,7057
522,Shara,Bohlens,8/24/2022,1496
523,Bobbie,Bowld,11/25/2022,1152
524,Sharron,Keyden,4/24/2023,1033
525,Niko,Ambrosch,5/6/2023,6350
526,Lotte,Maruska,12/17/2022,5817
527,Laney,Semper,4/13/2023,2830
528,Alejandrina,Rizzetti,8/25/2022,4798
529,Towney,Degg,10/22/2022,7473
530,Danyelle,Howbrook,12/18/2022,1061
531,Moss,Veasey,11/12/2022,6633
532,Rutter,Brydell,12/5/2022,6055
533,Minerva,Goodenough,12/17/2022,9520
534,Oberon,Magowan,5/3/2023,3026
535,Alleen,Brosel,6/26/2022,2353
536,Caterina,Le Provest,1/23/2023,2366
537,Myca,Clench,6/28/2022,3147
538,Alexa,Clingan,9/30/2022,9025
539,Stillmann,Hinchon,5/11/2023,8500
540,Kienan,Domenge,11/17/2022,2372
541,Jolene,Harcarse,7/28/2022,4816
542,Bryan,Iiannoni,12/24/2022,9276
543,Les,Westmacott,11/22/2022,7605
544,Neel,Dunrige,12/4/2022,8050
545,Catie,Alphonso,12/4/2022,3993
546,Mathian,Lovie,6/28/2022,2808
547,Anna,Bicknell,7/7/2022,4666
548,Jase,Cunniam,12/1/2022,7753
549,Elsi,Goodspeed,7/29/2022,6368
550,Elberta,Archdeacon,4/11/2023,6292
551,Lillis,Manus,7/1/2022,9661
552,Evita,Dinsey,3/25/2023,2708
553,Cary,Sheasby,6/15/2022,7383
554,Nappy,Bremley,10/11/2022,6131
555,Kylynn,Marzella,9/27/2022,7315
556,Eve,Di Franceshci,4/14/2023,4348
557,Padgett,Hannabuss,12/8/2022,6029
558,Bernadina,Storek,2/23/2023,6073
559,Prudy,Early,8/13/2022,4862
560,Darcie,Uccello,5/18/2023,3452
561,Tobit,Farthing,4/14/2023,3885
562,Selestina,Milsap,8/23/2022,7930
563,Joete,Sansom,7/19/2022,4562
564,Elisha,Digle,2/8/2023,7596
565,Dalia,Hansana,9/25/2022,1152
566,Spence,Warder,12/23/2022,3992
567,Binni,Sword,11/20/2022,4503
568,Georg,Dmisek,11/7/2022,1933
569,Opaline,Francillo,12/9/2022,1596
570,Christoper,Mar,5/14/2023,5416
571,Margie,Anstiss,3/20/2023,9449
572,Lyn,Devil,4/15/2023,1409
573,Junina,Killen,9/11/2022,9565
574,Rafa,Hillett,2/21/2023,5665
575,Helsa,Ailward,9/25/2022,1770
576,Rollo,Cornish,7/22/2022,9552
577,Cyrillus,Branni,11/29/2022,3853
578,Erina,Seaborne,10/21/2022,9356
579,Reagan,Kenway,7/12/2022,4750
580,Jarib,Coughlin,11/21/2022,7281
581,Jane,McCreedy,5/6/2023,3912
582,Marti,Whitehorne,2/18/2023,6569
583,Pate,McIlharga,10/4/2022,8271
584,Collete,Tetley,8/18/2022,3659
585,Belinda,Southworth,6/14/2022,6703
586,Ludovika,Stobbe,6/14/2022,7747
587,Liz,Ryton,2/16/2023,7665
588,Igor,Stapley,5/15/2023,6115
589,Aubine,Arter,9/7/2022,7090
590,Rita,Brandi,7/17/2022,9928
591,Aidan,Sparry,7/23/2022,3889
592,Deidre,Calabry,7/29/2022,6782
593,Shina,Wagner,3/22/2023,5444
594,Trenna,Kestell,5/7/2023,4951
595,Normand,Geerits,6/8/2022,3808
596,Tessie,Radborne,9/30/2022,1697
597,Nikki,Jarman,3/12/2023,4332
598,Estrella,Cucinotta,4/22/2023,1162
599,Lacey,Sydes,9/12/2022,3867
600,Virginie,Gratten,3/31/2023,4497
601,Cristian,Pree,11/23/2022,2264
602,Hansiain,Diglin,3/4/2023,6366
603,Gertrudis,Rutland,9/7/2022,5104
604,Lion,Alphonso,3/4/2023,9213
605,Baillie,Dolley,6/30/2022,3330
606,Colas,Schimke,5/31/2023,1503
607,Birch,Eustes,4/22/2023,8732
608,Johna,Locard,3/22/2023,3407
609,Aile,Mordon,4/23/2023,5115
610,Katharyn,Dorn,2/2/2023,1900
611,Corey,Brookwood,8/26/2022,5238
612,Thorndike,Sackes,6/22/2022,7861
613,Tadio,Verry,4/26/2023,3183
614,Deeyn,Brumfield,6/21/2022,6924
615,Kurt,Dewire,5/21/2023,4750
616,Timmie,Trenholm,4/15/2023,6530
617,Haywood,Dallyn,11/19/2022,5795
618,Petronia,Westrey,1/29/2023,5164
619,Giana,Pleavin,9/4/2022,8019
620,Janka,Tallowin,12/21/2022,3571
621,Amalea,Landman,6/27/2022,6826
622,Karly,Bennison,7/10/2022,8592
623,Poul,Pannaman,1/30/2023,5444
624,Deane,Goshawk,6/19/2022,8437
625,Felecia,Pesic,10/12/2022,3431
626,Tillie,Antuoni,3/10/2023,8878
627,Erna,Meere,7/30/2022,7430
628,Brianne,Revance,1/8/2023,4623
629,Christie,Asplin,7/11/2022,6239
630,Drona,Snelman,5/11/2023,5178
631,Patricia,Castiglio,3/14/2023,9944
632,Aridatha,Stanbro,1/3/2023,5694
633,Egan,Dominighi,9/6/2022,9186
634,Dawna,Sarjent,3/4/2023,2569
635,Ryley,Mahody,7/28/2022,6666
636,Benjy,Sarle,10/6/2022,2355
637,Venita,Randlesome,9/11/2022,1955
638,Mira,Cabrera,1/16/2023,6701
639,Sophronia,Harriss,6/20/2022,1177
640,Verge,Pringour,7/3/2022,8814
641,Della,Columbell,7/4/2022,5912
642,Irina,Lawly,5/1/2023,4180
643,Harlen,Sidnell,4/18/2023,9426
644,Megen,Lowfill,4/17/2023,5654
645,Madlen,Pinke,8/25/2022,5713
646,Laird,de Guerre,2/8/2023,9735
647,Bernardo,Patron,3/23/2023,9972
648,Laverne,Sedgeman,7/12/2022,6276
649,Hube,Wenn,5/25/2023,2815
650,Augy,Harmer,3/6/2023,7951
651,Krishna,Preto,10/17/2022,7963
652,Bell,Hadcock,6/29/2022,4584
653,Ivie,Todari,10/29/2022,4713
654,Reggie,Benedite,2/23/2023,3389
655,Benedicto,Baake,1/31/2023,8984
656,Bren,Matula,4/10/2023,6483
657,Casey,Stoop,7/22/2022,2751
658,Melloney,Kohrs,6/30/2022,1888
659,Mort,Pargeter,4/14/2023,9568
660,Hildy,Waghorne,5/18/2023,9566
661,Correy,Van de Vlies,12/26/2022,7184
662,Darbie,Leavold,12/26/2022,4110
663,Bartel,Gebhard,4/8/2023,3932
664,Lacey,Berthod,4/30/2023,9891
665,Harmony,Freeborn,3/23/2023,5329
666,Huntington,Nazer,1/26/2023,6655
667,Edan,Thomsson,3/16/2023,9697
668,Cloris,Rivalland,4/8/2023,1087
669,Micky,Idell,5/16/2023,6321
670,Theo,Comberbeach,6/20/2022,8236
671,Vlad,Devereux,11/10/2022,8007
672,Woodrow,Mallion,9/8/2022,2607
673,Lefty,Learned,9/12/2022,6503
674,Candide,Filyashin,10/3/2022,9683
675,Juana,McTeer,7/20/2022,4669
676,Cody,Whittick,2/11/2023,3074
677,Humfried,Monelli,12/24/2022,9278
678,Katey,Mansion,9/28/2022,5879
679,Melony,Ambroise,8/16/2022,4051
680,Mortie,Steven,7/9/2022,8402
681,Inness,Tomala,2/12/2023,7644
682,Gibb,Heinreich,5/17/2023,7893
683,Dominik,Haggerstone,1/25/2023,8376
684,Homer,Toffoletto,10/9/2022,4432
685,Blane,Gawne,10/14/2022,8422
686,Adham,Flewett,11/17/2022,6265
687,Denny,De Blasiis,6/14/2022,2166
688,Franciska,Dacombe,7/2/2022,3078
689,Alva,Boshier,11/17/2022,6940
690,Valenka,Ponton,6/5/2022,2256
691,Juliann,Obern,8/9/2022,8163
692,Jessie,Zohrer,8/12/2022,8030
693,Dud,Fouracre,1/16/2023,9976
694,Marielle,Camilleri,7/6/2022,5800
695,Melisent,Illyes,5/10/2023,1304
696,Dannie,Karlicek,5/19/2023,4251
697,Aviva,Sorrell,9/20/2022,5632
698,Junia,Shobbrook,12/20/2022,2507
699,Darb,Petegrew,8/19/2022,8216
700,Terri-jo,Hallibone,4/29/2023,6246
701,Cornelle,Gabriely,10/7/2022,8175
702,Marty,Attwater,11/20/2022,9925
703,Rasla,Eglinton,7/26/2022,4292
704,Sonja,Golt,8/27/2022,1784
705,Guillema,Shuard,12/12/2022,3230
706,Cyrillus,Conkling,8/20/2022,9621
707,Linnie,Shipperbottom,3/7/2023,2706
708,Olav,Vlasyev,8/9/2022,2640
709,Carce,Bellee,6/22/2022,8105
710,Cairistiona,Essex,1/30/2023,5522
711,Victoir,Sailor,1/25/2023,8262
712,Teddy,Peinton,11/1/2022,8846
713,Norry,Neeve,8/28/2022,9638
714,Pepe,Adolfsen,1/13/2023,9297
715,Artemas,Rappaport,4/26/2023,3766
716,Alfreda,Lyford,3/24/2023,2263
717,Harris,Shipston,8/3/2022,2685
718,Dee,Pettet,5/28/2023,1792
719,Bunni,Youthead,4/29/2023,6147
720,Justina,Girardey,8/29/2022,7160
721,Gris,Pawley,11/3/2022,2937
722,Dav,Hirsch,6/6/2022,7190
723,Julius,Fenney,9/12/2022,5778
724,Cyrillus,Price,8/26/2022,9524
725,Nannette,Grewar,6/17/2022,6658
726,Bertha,Tallowin,3/3/2023,8568
727,Ashlee,Blest,5/3/2023,6585
728,Dorthea,Crother,6/9/2022,8606
729,Karil,Edsell,5/24/2023,1904
730,Maressa,Lafee,9/15/2022,2537
731,Welbie,Raven,9/13/2022,3336
732,Jonie,La Wille,10/14/2022,6431
733,Laurence,Blasgen,11/27/2022,9642
734,Bibbye,Dobkin,4/29/2023,3153
735,Andriette,Cay,5/31/2023,6690
736,Jacinta,Brundall,2/12/2023,7396
737,Quinn,Wickmann,8/28/2022,7622
738,Elle,Burless,7/9/2022,2061
739,Robers,Ingles,5/7/2023,5979
740,Sanson,Yanne,1/7/2023,2520
741,Denys,Steger,8/13/2022,5965
742,Pepe,Vaggs,5/27/2023,2377
743,Barney,Porkiss,9/3/2022,7880
744,Joly,Orridge,1/28/2023,7411
745,Stefano,Sillwood,1/21/2023,7221
746,Hillard,Semered,10/16/2022,9734
747,Karie,Friatt,9/10/2022,3903
748,Tracie,Jeckell,5/30/2023,8738
749,Kelcie,Papierz,5/30/2023,6732
750,Nealon,Croucher,2/7/2023,2466
751,Ralph,Slay,2/8/2023,9993
752,Bent,Cramond,7/22/2022,7677
753,Farleigh,Romayne,7/16/2022,1777
754,Patrick,Sheppard,12/17/2022,5353
755,Archie,Spilling,3/9/2023,4950
756,Lance,West,5/6/2023,7606
757,Dannye,Hebdon,7/22/2022,8262
758,Dedra,Purcell,9/2/2022,4237
759,Fiona,Ryburn,1/29/2023,5006
760,Parsifal,Leaver,1/7/2023,2035
761,Joell,Summersby,9/9/2022,6584
762,Bevan,Duberry,6/9/2022,2853
763,Chaddy,Hakes,3/4/2023,3578
764,Bud,Banck,11/22/2022,3868
765,Teodoor,Giff,5/5/2023,5296
766,Jamill,MacShane,5/20/2023,6591
767,Blondell,Del Checolo,12/2/2022,1141
768,Chariot,Mintram,3/28/2023,7350
769,Herb,Bumby,11/22/2022,6971
770,Derry,Merrigan,11/9/2022,3442
771,Ulric,Devonport,7/28/2022,8062
772,Miguelita,Bellow,9/7/2022,2704
773,Jeannine,Benstead,9/2/2022,4969
774,Weider,Laybourne,11/1/2022,5271
775,Allix,O'Hone,8/18/2022,1085
776,Guinna,Bevans,5/21/2023,5707
777,Loria,Hawkwood,8/8/2022,1462
778,Van,Kalvin,3/30/2023,8549
779,Phedra,Fowley,1/6/2023,7312
780,Westbrooke,Cancellor,9/30/2022,1806
781,Currey,Feldstern,4/5/2023,3733
782,Shandie,Ashby,8/6/2022,5329
783,Oates,Sarten,6/3/2022,7248
784,Melloney,Rodolfi,8/19/2022,3737
785,Gardner,Crum,2/17/2023,5750
786,Cyrus,Foss,10/12/2022,6447
787,Cale,Burniston,11/24/2022,6706
788,Gertrude,Cranson,3/9/2023,6430
789,Rod,Phettiplace,11/18/2022,3598
790,Faina,Ortzen,1/31/2023,8065
791,Carter,Theaker,7/7/2022,6887
792,Netty,Hankin,3/1/2023,3297
793,Valentia,Stellin,4/23/2023,9591
794,Jerald,Drivers,10/8/2022,5682
795,Sayers,Rickson,4/20/2023,8766
796,Ralina,Halsey,10/25/2022,1174
797,Jena,Patis,12/29/2022,6533
798,Kassey,Wykey,1/20/2023,3496
799,Dre,Easby,9/17/2022,1890
800,Boot,Kemmet,1/25/2023,7583
801,Winnah,Annetts,3/5/2023,6514
802,Cristina,Silkston,3/5/2023,7302
803,Oswell,Foston,1/28/2023,8047
804,Bradley,Nutkin,7/5/2022,6430
805,Brigg,Smale,4/20/2023,9138
806,Adler,Titchener,5/10/2023,7013
807,Gerard,Conkay,9/1/2022,6266
808,Wilhelm,McOrkill,6/26/2022,7039
809,Leola,Eastlake,5/25/2023,3380
810,Jaymee,Ussher,2/12/2023,3544
811,Bria,Dundin,9/5/2022,3393
812,Archibold,Zoane,3/13/2023,1133
813,Noam,Barrat,2/19/2023,7853
814,Dolley,Gertz,3/13/2023,9412
815,Baudoin,Otto,11/8/2022,1745
816,Bel,Grigg,4/26/2023,5345
817,Charissa,Wherrit,10/25/2022,3397
818,Zared,Mendus,10/14/2022,1826
819,Tobie,Longlands,6/20/2022,8714
820,Rockie,Maddison,5/18/2023,3831
821,Ursulina,MacDunleavy,7/25/2022,2770
822,Bess,Rigbye,6/13/2022,6900
823,Berkly,Rubega,2/17/2023,8289
824,Reeba,Draper,12/15/2022,2164
825,La verne,Liston,6/3/2022,9252
826,Silvester,Kempster,3/16/2023,9729
827,Elnar,Alliot,3/24/2023,3279
828,Stanley,McFeat,3/10/2023,3397
829,Monique,Dunham,9/6/2022,5395
830,Chrystel,Sagar,3/21/2023,9247
831,Marsiella,Tremethack,1/4/2023,7690
832,Herminia,Mobberley,9/28/2022,8088
833,Pace,Eshelby,1/15/2023,7839
834,Elie,Hindsberg,3/30/2023,2909
835,Ronnica,Somersett,1/16/2023,5330
836,Hedvige,Ruggiero,3/19/2023,2348
837,Sonja,Ever,2/15/2023,5069
838,Hervey,Janssens,4/22/2023,8166
839,Tiff,Gauvin,9/21/2022,3574
840,Sosanna,Ballston,2/26/2023,4899
841,Stephani,Lown,10/31/2022,2892
842,Thomasin,Hurdiss,7/7/2022,2133
843,Kira,Cuncarr,4/20/2023,7176
844,Conrade,Baser,7/1/2022,9637
845,Eachelle,Gruszka,8/17/2022,7419
846,Marget,Icke,6/29/2022,7006
847,Sauncho,Vinick,9/3/2022,9482
848,Dillon,Hindsberg,9/30/2022,8905
849,Craggie,Abel,10/14/2022,7461
850,Moise,Popplestone,10/6/2022,9449
851,Anstice,Condie,3/20/2023,1763
852,Willi,Ciani,2/17/2023,9005
853,Horst,Tyre,9/27/2022,1162
854,Lian,Dougliss,12/10/2022,3647
855,Susi,Haugeh,10/12/2022,5966
856,Cleavland,Patershall,5/29/2023,9799
857,Gav,Hitzmann,1/4/2023,6343
858,Goldy,Heinssen,6/7/2022,5536
859,Fayre,Ollerhead,1/11/2023,7666
860,Toddie,Leethem,2/20/2023,4867
861,Mathilde,Broschek,6/29/2022,5853
862,Dev,Solleme,6/4/2022,9769
863,Issi,Darley,10/21/2022,1946
864,Saundra,Byrth,3/3/2023,2529
865,Garv,Malkie,11/15/2022,4628
866,Kyla,McGinty,1/28/2023,8702
867,Gerhardt,Samter,10/1/2022,1757
868,Fairleigh,Challenger,3/13/2023,4849
869,Anne-corinne,Hobell,2/23/2023,8953
870,Laural,Cristofanini,5/31/2023,4794
871,Fern,Puckrin,9/12/2022,3694
872,Mela,Oxnam,5/2/2023,7834
873,Bil,Scola,2/1/2023,8952
874,Danice,Stanex,4/1/2023,8459
875,Tommie,Hawarden,6/11/2022,8961
876,Gavra,Ferry,6/1/2023,1341
877,Laraine,Zmitrovich,10/17/2022,5787
878,Benedetta,Issakov,4/23/2023,2329
879,Ax,Drogan,1/4/2023,2599
880,Gerianna,Dauncey,3/24/2023,2252
881,Fremont,Laughrey,8/22/2022,4311
882,Katlin,Easom,7/18/2022,1740
883,Valentine,Vedeneev,1/17/2023,6354
884,Hodge,Pennington,9/19/2022,4743
885,Hugibert,Perks,7/10/2022,9286
886,Lura,Gwalter,6/10/2022,1756
887,Debee,Fratson,10/25/2022,7485
888,Marylou,Risdall,5/6/2023,6941
889,Ida,Patient,6/18/2022,3950
890,Lia,Vallens,7/15/2022,5470
891,Jocelin,Sheahan,1/23/2023,1004
892,Lise,Creenan,8/11/2022,8853
893,Clemente,Roebuck,1/11/2023,6942
894,Hersh,Leonardi,1/22/2023,2715
895,Meridith,Spacey,9/6/2022,5783
896,Farrell,Sarre,12/19/2022,6458
897,Gerek,Ruppeli,11/1/2022,1270
898,Pearla,Dacke,9/25/2022,2880
899,Nilson,Medley,2/22/2023,6385
900,Kalila,Guidotti,4/25/2023,7459
901,Farly,Georgi,2/4/2023,9927
902,Colly,Vagges,7/23/2022,6656
903,Albert,Mattsson,2/25/2023,2483
904,Padriac,Gosson,7/25/2022,4794
905,Eachelle,Meert,4/2/2023,8068
906,Devonna,Fellgett,5/21/2023,6593
907,Meggy,Accum,3/30/2023,2688
908,Bastian,Pote,6/14/2022,7687
909,Loleta,Addy,11/29/2022,2677
910,Marylou,Lago,8/2/2022,7463
911,Norby,Ede,1/7/2023,2518
912,Decca,Pfaffe,11/12/2022,7016
913,Britt,MacTeague,4/8/2023,7253
914,Giorgio,Tothe,8/13/2022,6522
915,Marie-ann,Fanthome,1/12/2023,1969
916,Sheffield,Duggen,8/19/2022,5719
917,Ike,Elder,5/12/2023,4542
918,Kendal,Ivanenkov,2/13/2023,5539
919,Gertrud,Jollye,11/25/2022,4499
920,Bev,Blaxill,9/24/2022,7174
921,Daisy,Lambricht,7/23/2022,4598
922,Jarrod,Oppie,12/25/2022,9533
923,Leroi,Stodhart,12/4/2022,3969
924,Rainer,Sponder,11/5/2022,4475
925,Cassondra,Brise,9/26/2022,6653
926,Basile,Mainwaring,9/21/2022,3136
927,Ahmed,Casserley,1/29/2023,5182
928,Frasier,Heinle,4/25/2023,6812
929,Wendye,Pascall,4/22/2023,2050
930,Tanya,Cadogan,8/29/2022,8304
931,Addia,Gooderick,8/16/2022,2348
932,Abie,Wix,4/16/2023,1948
933,Matthieu,Eslie,10/13/2022,2167
934,Bartolemo,Starking,3/2/2023,1278
935,Wye,Sapena,1/3/2023,8045
936,Erik,Kimmince,5/9/2023,9085
937,Amandy,Barwell,12/19/2022,2127
938,Rafi,Proudman,6/5/2022,9614
939,Shaun,Hamly,12/30/2022,9333
940,Nichol,Josovitz,6/22/2022,7518
941,Mickie,Odell,3/18/2023,4379
942,Franchot,Dell Casa,12/9/2022,4009
943,Rori,Farlamb,7/22/2022,2923
944,Ermina,Thundercliffe,11/29/2022,5328
945,Prentice,Bramford,6/10/2022,4384
946,Waldemar,Colnet,9/11/2022,7394
947,Hyacinthie,Snead,9/14/2022,7624
948,Dagny,Karchowski,4/14/2023,8680
949,Gabie,Inold,10/15/2022,6749
950,Tan,McLenaghan,11/25/2022,9055
951,Jeanette,Cunniffe,9/6/2022,3382
952,Raffaello,Keenor,10/28/2022,4592
953,Edee,Munehay,11/6/2022,1363
954,Enos,Sustin,11/6/2022,2702
955,Johnna,Garoghan,3/2/2023,9421
956,Kathe,Holworth,5/28/2023,9633
957,Cart,Maslen,4/9/2023,4869
958,Ellswerth,Blackster,12/9/2022,8252
959,Melany,Casbon,6/29/2022,2000
960,Berti,Limerick,12/24/2022,5993
961,Godard,Emerton,6/23/2022,3616
962,Nelly,De'Ath,2/3/2023,9394
963,Florri,Landy,3/22/2023,8925
964,Kamillah,Ghirigori,12/23/2022,6451
965,Amandy,Trussler,5/11/2023,9812
966,Margy,Tolwood,8/11/2022,5040
967,Leelah,Ruckman,5/6/2023,1841
968,Rem,Muscott,7/28/2022,9753
969,Collete,Tamblyn,8/25/2022,5597
970,Kerwin,Dealy,2/22/2023,9775
971,Willis,Lorrimer,11/11/2022,9310
972,Morganica,Jori,5/20/2023,8856
973,Alwin,Defty,3/31/2023,6802
974,Gennifer,Cumpsty,10/13/2022,8040
975,Maure,Bartol,6/6/2022,1032
976,Emmalyn,Chaster,10/22/2022,9663
977,Gae,Kumaar,2/27/2023,3483
978,Worthington,McAlpine,10/24/2022,8236
979,Selby,Brealey,12/18/2022,5858
980,Helsa,Butler,2/14/2023,3398
981,Sasha,Ianniello,6/26/2022,7431
982,Sandie,Reast,3/30/2023,6205
983,Shaughn,Haddinton,1/17/2023,9879
984,Pauly,Crack,11/25/2022,4247
985,Faustina,Wessing,5/11/2023,1541
986,Bibbye,Blader,1/21/2023,3387
987,Rhianon,Mabey,12/10/2022,5524
988,Carleton,Dickerson,5/9/2023,1080
989,Thelma,Radwell,2/19/2023,9074
990,Gloria,Ortner,4/2/2023,6049
991,Tamarah,Trosdall,7/19/2022,9614
992,Jacquelynn,Olphert,11/7/2022,5181
993,Almeda,Brownsword,9/7/2022,7512
994,Lishe,Gostridge,3/17/2023,7706
995,Lona,Libby,10/10/2022,6767
996,Millie,McTrustram,8/2/2022,3323
997,Guendolen,Belliveau,6/21/2022,1258
998,Reinaldos,Gatecliff,9/20/2022,7649
999,Granthem,Buney,12/6/2022,6362
1000,Domenico,Hanley,6/5/2022,9307
