id,first_name,last_name,email,gender
1,Zacharias,Thunnercliff,zthunnercliff0@w3.org,M
2,Meredeth,Andrew,mashforth1@virginia.edu,M
3,Lester,Mynard,Mynard@gmail.com,M
4,Peyton,Artrick,partrick3@soup.io,M
5,Willi,Warnes,wwarnes4@businessinsider.com,M
6,Merwyn,Wheaton,mwheaton5@nps.gov,M
7,Kellie,Adamsen,kadamsen6@reference.com,F
8,Ahmad,Hunston,ahunston7@hubpages.com,M
9,Bianka,Kordova,bkordova8@telegraph.co.uk,F
10,Cullin,Crossland,,M
11,Odella,Klemenz,oklemenza@altervista.org,F
12,Petronia,Poznanski,ppoznanskib@google.es,F
13,Lyell,Schoroder,lschoroderc@buzzfeed.com,M
14,Saidee,McAloren,smcalorend@wordpress.org,F
15,Thibaud,Harrild,tharrilde@statcounter.com,M
16,Joann,Ciciotti,jciciottif@gnu.org,F
17,Tania,Rowsel,trowselg@spiegel.de,F
18,Elsa,Renbold,erenboldh@disqus.com,F
19,Paulita,Illsley,pillsleyi@xing.com,F
20,Mei,Greason,,F
21,Roberto,Tume,rtumek@indiatimes.com,M
22,Ealasaid,De Cruze,edecruzel@instagram.com,F
23,Sissy,Gilbank,sgilbankm@stanford.edu,F
24,Daffy,Figgures,dfigguresn@disqus.com,F
25,Maddie,Camber,mcambero@hud.gov,F
26,Quillan,McWhorter,qmcwhorterp@goo.ne.jp,M
27,Ricoriki,Stabbins,rstabbinsq@examiner.com,M
28,Clea,Shuxsmith,cshuxsmithr@about.com,F
29,Oswell,Asipenko,oasipenkos@skyrock.com,M
30,Jorie,Muehler,jmuehlert@buzzfeed.com,F
31,Jacquelyn,Vedekhov,jvedekhovu@e-recht24.de,F
32,Gavra,Harrington,gharringtonv@paypal.com,F
33,Calley,Gregoriou,cgregoriouw@howstuffworks.com,F
34,Doll,Jayne,djaynex@cisco.com,F
35,Danika,Keysel,dkeysely@google.es,F
36,Audie,Haslam,ahaslamz@blogger.com,F
37,Caty,O'Corr,cocorr10@howstuffworks.com,F
38,Findlay,Pesticcio,fpesticcio11@icio.us,M
39,Fayina,Coger,fcoger12@google.fr,F
40,Mariejeanne,Ernshaw,mernshaw13@mlb.com,F
41,Warde,Gleasane,wgleasane14@dot.gov,M
42,Bobbie,Elphinstone,belphinstone15@photobucket.com,F
43,Whit,Aveling,waveling16@uol.com.br,M
44,Sibyl,Leathwood,sleathwood17@slashdot.org,F
45,Brita,Bulger,bbulger18@blogspot.com,F
46,Yettie,Guillerman,yguillerman19@uiuc.edu,F
47,Bary,McEntagart,bmcentagart1a@telegraph.co.uk,M
48,Rad,Egar,regar1b@wunderground.com,M
49,Archaimbaud,Lydford,alydford1c@wiley.com,M
50,Giffie,McMichell,gmcmichell1d@seesaa.net,M
51,Wildon,Weyland,wweyland1e@webnode.com,M
52,Rafaello,Eilert,reilert1f@wunderground.com,M
53,Bethany,Pavlovsky,bpavlovsky1g@desdev.cn,F
54,Sammy,MacKibbon,smackibbon1h@bigcartel.com,F
55,Sidonia,MacIlraith,smacilraith1i@bbb.org,F
56,Blair,Sagg,bsagg1j@bing.com,F
57,Dominick,Pepys,dpepys1k@smugmug.com,M
58,Lorens,Gibbeson,lgibbeson1l@walmart.com,M
59,Harbert,Bloxsome,hbloxsome1m@live.com,M
60,Rip,Tremelling,rtremelling1n@google.com.hk,M
61,Kaela,Jesse,kjesse1o@de.vu,F
62,Elsa,Pescud,epescud1p@studiopress.com,F
63,Ashli,MacBrearty,amacbrearty1q@nymag.com,F
64,Kyle,Mullally,kmullally1r@scribd.com,M
65,Keary,Michelin,kmichelin1s@devhub.com,M
66,Paulita,Blaskett,pblaskett1t@umn.edu,F
67,Leoline,Pasquale,lpasquale1u@51.la,F
68,Orelia,Oliphard,ooliphard1v@livejournal.com,F
69,Petunia,Ashton,pashton1w@usa.gov,F
70,Demetrius,Francillo,dfrancillo1x@uiuc.edu,M
71,Chryste,Snasdell,csnasdell1y@360.cn,F
72,Barrett,Carlesso,bcarlesso1z@arstechnica.com,M
73,Angelina,Liverseege,aliverseege20@samsung.com,F
74,Sigismond,Hissett,shissett21@meetup.com,M
75,Grover,Sturdgess,gsturdgess22@shop-pro.jp,M
76,Calli,Ramsey,cramsey23@furl.net,F
77,Aurel,Connue,aconnue24@newsvine.com,F
78,Franchot,MacCaughey,fmaccaughey25@wsj.com,M
79,Payton,Langford,plangford26@acquirethisname.com,M
80,Jessa,Bison,jbison27@deliciousdays.com,F
81,Morlee,Preshous,mpreshous28@cbsnews.com,M
82,Der,Sturzaker,dsturzaker29@walmart.com,M
83,Iago,Kerbler,ikerbler2a@cbslocal.com,M
84,Zebadiah,Primak,zprimak2b@ucla.edu,M
85,Evanne,Camidge,ecamidge2c@mozilla.com,F
86,Conrad,Burniston,cburniston2d@dyndns.org,M
87,Gibb,Rahlof,grahlof2e@qq.com,M
88,Roxine,Dary,rdary2f@github.io,F
89,Duff,Holtum,dholtum2g@hc360.com,M
90,Tommie,Penhalurick,tpenhalurick2h@sfgate.com,M
91,Kennith,Turville,kturville2i@microsoft.com,M
92,Frederic,Vasyaev,fvasyaev2j@soundcloud.com,M
93,Dorena,Alanbrooke,dalanbrooke2k@spotify.com,F
94,Sanson,Lockyear,slockyear2l@oracle.com,M
95,Guglielma,Moult,gmoult2m@tumblr.com,F
96,Hally,Whitesel,hwhitesel2n@geocities.com,F
97,Eldin,Lourens,elourens2o@ifeng.com,M
98,Halley,Sawley,hsawley2p@simplemachines.org,F
99,Dore,Willstrop,dwillstrop2q@deliciousdays.com,F
100,Krystyna,Reignard,kreignard2r@meetup.com,F
101,Morse,Krojn,mkrojn2s@aol.com,M
102,Tate,Caplan,tcaplan2t@eventbrite.com,M
103,Deloria,Pordall,dpordall2u@hc360.com,F
104,Jori,Scammonden,jscammonden2v@msu.edu,F
105,Allegra,Gainsborough,againsborough2w@1und1.de,F
106,Regina,Castledine,rcastledine2x@independent.co.uk,F
107,Jory,Fehners,jfehners2y@theguardian.com,M
108,Forrester,Goldsbury,fgoldsbury2z@dailymail.co.uk,M
109,Xerxes,Le Barr,xlebarr30@adobe.com,M
110,Bridgette,Mouth,bmouth31@boston.com,F
111,Torrin,Wooffitt,twooffitt32@surveymonkey.com,M
112,Alexis,Peevor,apeevor33@ca.gov,M
113,Alberik,Blinckhorne,ablinckhorne34@google.de,M
114,Robenia,Morritt,rmorritt35@prlog.org,F
115,Birch,McElhinney,bmcelhinney36@unblog.fr,M
116,Trenton,Braisher,tbraisher37@princeton.edu,M
117,Nedi,Polly,npolly38@dot.gov,F
118,Angele,Kayser,akayser39@livejournal.com,F
119,Talyah,Koomar,tkoomar3a@quantcast.com,F
120,Sophia,Loveard,sloveard3b@samsung.com,F
121,Dun,Newbatt,dnewbatt3c@cmu.edu,M
122,Ursulina,Pollok,upollok3d@drupal.org,F
123,Barthel,Grundy,bgrundy3e@chicagotribune.com,M
124,Chrystel,Beamand,cbeamand3f@bbb.org,F
125,Norman,Parkman,nparkman3g@sphinn.com,M
126,Ethyl,Pindell,epindell3h@buzzfeed.com,F
127,Arline,Brindle,abrindle3i@cmu.edu,F
128,Willie,Roly,wroly3j@facebook.com,F
129,Ethelred,Carville,ecarville3k@sciencedaily.com,M
130,Roseline,Bercher,rbercher3l@mac.com,F
131,Morgan,Cescoti,mcescoti3m@soup.io,F
132,Willabella,Howley,whowley3n@illinois.edu,F
133,Chane,Bartell,cbartell3o@jimdo.com,M
134,Elbert,Kipping,ekipping3p@weather.com,M
135,Mikaela,Drayn,mdrayn3q@nhs.uk,F
136,Esdras,Moquin,emoquin3r@cam.ac.uk,M
137,Steve,Kienl,skienl3s@weebly.com,M
138,Beaufort,Fowlston,bfowlston3t@apache.org,M
139,Odie,Paoletti,opaoletti3u@imgur.com,M
140,Emma,Fawkes,efawkes3v@youtu.be,F
141,Mara,Dell Casa,mdellcasa3w@google.com.au,F
142,Dedra,McGarahan,dmcgarahan3x@shareasale.com,F
143,Melicent,Wanne,mwanne3y@java.com,F
144,Antoni,Paffitt,apaffitt3z@tuttocitta.it,M
145,Worden,Cullum,wcullum40@yolasite.com,M
146,Sayre,Cardall,scardall41@elegantthemes.com,M
147,Michelle,Roswarn,mroswarn42@desdev.cn,F
148,Margot,Breacher,mbreacher43@blogs.com,F
149,Matty,Rushbrooke,mrushbrooke44@comsenz.com,F
150,Althea,Harker,aharker45@list-manage.com,F
151,Gerek,Peto,gpeto46@wufoo.com,M
152,Joanna,Ratazzi,jratazzi47@tiny.cc,F
153,Rois,Goskar,rgoskar48@chicagotribune.com,F
154,Dot,Van de Castele,dvandecastele49@symantec.com,F
155,Tallia,Bedward,tbedward4a@xrea.com,F
156,Adela,Baitman,abaitman4b@ezinearticles.com,F
157,Tarrance,Rubinsohn,trubinsohn4c@washingtonpost.com,M
158,Jody,Larrosa,jlarrosa4d@google.ru,F
159,Adolph,Brookhouse,abrookhouse4e@sakura.ne.jp,M
160,Cord,McDavitt,cmcdavitt4f@cbsnews.com,M
161,Craggie,Creser,ccreser4g@netscape.com,M
162,Neale,Hatherell,nhatherell4h@webnode.com,M
163,Lanie,Lampen,llampen4i@bravesites.com,M
164,Kendrick,Sowerbutts,ksowerbutts4j@e-recht24.de,M
165,Daren,Keddey,dkeddey4k@weather.com,M
166,Dianna,McLoughlin,dmcloughlin4l@sourceforge.net,F
167,Aarika,Guinnane,aguinnane4m@soundcloud.com,F
168,Hastings,Mennell,hmennell4n@cisco.com,M
169,Ransell,June,rjune4o@de.vu,M
170,Filmer,Bentsen,fbentsen4p@howstuffworks.com,M
171,Emilio,Melbert,emelbert4q@friendfeed.com,M
172,Carmita,Kadwallider,ckadwallider4r@youku.com,F
173,Abbie,Brockie,abrockie4s@dedecms.com,M
174,Jeromy,Ivanchin,jivanchin4t@mediafire.com,M
175,Darnall,Al Hirsi,dalhirsi4u@cnn.com,M
176,Serene,Pendle,spendle4v@tiny.cc,F
177,Nickolaus,Busswell,nbusswell4w@home.pl,M
178,Xenos,Klebes,xklebes4x@latimes.com,M
179,Aksel,Gerold,agerold4y@prlog.org,M
180,Lesli,MacKimmie,lmackimmie4z@goo.gl,F
181,Ddene,Syder,dsyder50@yandex.ru,F
182,Veronika,Sempill,vsempill51@icq.com,F
183,Aileen,Bartel,abartel52@sbwire.com,F
184,Edi,Bergen,ebergen53@plala.or.jp,F
185,Bonny,Bertrand,bbertrand54@hibu.com,F
186,Joshua,Cavil,jcavil55@craigslist.org,M
187,Homere,Huguet,hhuguet56@cdc.gov,M
188,Hart,Amies,hamies57@bbc.co.uk,M
189,Aviva,Carayol,acarayol58@boston.com,F
190,Alexandro,Yule,ayule59@hubpages.com,M
191,Charlotte,Kalinovich,ckalinovich5a@mail.ru,F
192,Roselin,Cobbing,rcobbing5b@guardian.co.uk,F
193,Fanya,Bricket,fbricket5c@aol.com,F
194,Shalom,Lamblot,slamblot5d@bloglines.com,M
195,Camey,Viant,cviant5e@nba.com,M
196,Delmar,Bulward,dbulward5f@canalblog.com,M
197,Bianka,Kun,bkun5g@latimes.com,F
198,Sean,Struttman,sstruttman5h@delicious.com,M
199,Lalo,Shevelin,lshevelin5i@quantcast.com,M
200,Erma,Pere,epere5j@mediafire.com,F
201,Terence,Poulgreen,tpoulgreen5k@w3.org,M
202,Hettie,Scading,hscading5l@google.com.br,F
203,Wilbert,Pavelin,wpavelin5m@whitehouse.gov,M
204,Burt,Fosdike,bfosdike5n@dmoz.org,M
205,Kristel,Marian,kmarian5o@twitpic.com,F
206,Mord,Winterborne,mwinterborne5p@deviantart.com,M
207,Zaria,Pina,zpina5q@gnu.org,F
208,Von,Iacobo,viacobo5r@so-net.ne.jp,M
209,Gladys,Outridge,goutridge5s@nbcnews.com,F
210,Robena,Rankcom,rrankcom5t@skype.com,F
211,Olly,Yaus,oyaus5u@acquirethisname.com,M
212,Iona,Skiplorne,iskiplorne5v@wikia.com,F
213,Orin,Murphey,omurphey5w@istockphoto.com,M
214,Isidora,Faragan,ifaragan5x@youtu.be,F
215,Gilberta,Medcraft,gmedcraft5y@taobao.com,F
216,Mario,Marshman,mmarshman5z@bluehost.com,M
217,Rick,Girodier,rgirodier60@foxnews.com,M
218,Hali,Marages,hmarages61@google.de,F
219,Mauricio,Nancarrow,mnancarrow62@ameblo.jp,M
220,Alysia,Dyble,adyble63@slate.com,F
221,Fields,Pedler,fpedler64@gmpg.org,M
222,Allyn,Wilfing,awilfing65@qq.com,M
223,Kania,Yurasov,kyurasov66@mashable.com,F
224,Goraud,Dellow,gdellow67@quantcast.com,M
225,Kristos,Febvre,kfebvre68@edublogs.org,M
226,Terry,Beels,tbeels69@woothemes.com,M
227,Minnnie,Cardinal,mcardinal6a@ucla.edu,F
228,Zarah,Broke,zbroke6b@dyndns.org,F
229,Zeb,Laxtonne,zlaxtonne6c@merriam-webster.com,M
230,Logan,Ballefant,lballefant6d@arizona.edu,M
231,Rudie,Gritsunov,rgritsunov6e@engadget.com,M
232,Antony,Burkin,aburkin6f@digg.com,M
233,Amelita,MacGettigen,amacgettigen6g@dyndns.org,F
234,Chlo,Guiett,cguiett6h@desdev.cn,F
235,Wrennie,Rosson,wrosson6i@exblog.jp,F
236,Annemarie,Collen,acollen6j@unblog.fr,F
237,Coral,Bailles,cbailles6k@bing.com,F
238,Beniamino,Ashelford,bashelford6l@squidoo.com,M
239,Joshia,Larn,jlarn6m@so-net.ne.jp,M
240,Gaile,Wignall,gwignall6n@amazon.co.jp,M
241,Renie,Wallice,rwallice6o@accuweather.com,F
242,Rosemonde,Reville,rreville6p@blogtalkradio.com,F
243,Stacey,Holttom,sholttom6q@diigo.com,F
244,Denny,Wellbank,dwellbank6r@netlog.com,M
245,Yolane,Fedynski,yfedynski6s@edublogs.org,F
246,Clay,Tolle,ctolle6t@java.com,M
247,Raye,Simper,rsimper6u@ameblo.jp,F
248,Aurora,Pickerell,apickerell6v@walmart.com,F
249,Goldia,Melan,gmelan6w@1688.com,F
250,Johnny,Hammonds,jhammonds6x@behance.net,M
251,Joelly,Blesing,jblesing6y@amazon.co.jp,F
252,Rock,Sayle,rsayle6z@cloudflare.com,M
253,Faythe,Dury,fdury70@quantcast.com,F
254,Sargent,Friedenbach,sfriedenbach71@microsoft.com,M
255,Artemus,Kestin,akestin72@mit.edu,M
256,Mandi,Endean,mendean73@tinyurl.com,F
257,Tabb,Avrahamoff,tavrahamoff74@ed.gov,M
258,Hadlee,Dyet,hdyet75@pen.io,M
259,Smith,Jamary,sjamary76@shareasale.com,M
260,Brooks,Pass,bpass77@ovh.net,F
261,Hallsy,Daveridge,hdaveridge78@domainmarket.com,M
262,Guenevere,Quibell,gquibell79@unc.edu,F
263,Christin,Collcott,ccollcott7a@illinois.edu,F
264,Fabe,McMains,fmcmains7b@last.fm,M
265,Marietta,Hugett,mhugett7c@uol.com.br,M
266,Natalya,Nelle,nnelle7d@theguardian.com,F
267,Friedrich,Hampe,fhampe7e@thetimes.co.uk,M
268,Rosy,Walewicz,rwalewicz7f@biblegateway.com,F
269,Nari,Ravenscroftt,nravenscroftt7g@seattletimes.com,F
270,Birgit,Wisbey,bwisbey7h@ed.gov,F
271,Basilio,Couper,bcouper7i@ucoz.ru,M
272,Sebastien,Lammertz,slammertz7j@microsoft.com,M
273,Shanon,Markie,smarkie7k@biglobe.ne.jp,F
274,Aaren,Dombrell,adombrell7l@chron.com,F
275,Baird,Btham,bbtham7m@joomla.org,M
276,Judie,Kingswoode,jkingswoode7n@facebook.com,F
277,Angelica,Quarles,aquarles7o@1688.com,F
278,Hillie,Gilburt,hgilburt7p@dedecms.com,M
279,Gael,Winckle,gwinckle7q@bloglovin.com,M
280,Burt,MacConnechie,bmacconnechie7r@forbes.com,M
281,Russ,Meran,rmeran7s@clickbank.net,M
282,Frances,Annakin,fannakin7t@studiopress.com,F
283,Augustina,Greenwood,agreenwood7u@cafepress.com,F
284,Dew,Attaway,dattaway7v@prweb.com,M
285,Sybille,Ghidetti,sghidetti7w@msu.edu,F
286,Andy,Gyorgy,agyorgy7x@linkedin.com,M
287,Shelly,Aggett,saggett7y@msn.com,F
288,Cristine,Wyldbore,cwyldbore7z@php.net,F
289,Harley,Castelain,hcastelain80@sina.com.cn,M
290,Fred,Toler,ftoler81@joomla.org,M
291,Mattie,Tottle,mtottle82@wikimedia.org,F
292,Paolo,MacMillan,pmacmillan83@xrea.com,M
293,Ophelie,Storror,ostorror84@miibeian.gov.cn,F
294,Ede,Ruscoe,eruscoe85@infoseek.co.jp,F
295,Bernadine,Dare,bdare86@over-blog.com,F
296,Xena,Hinckley,xhinckley87@cdbaby.com,F
297,Bridie,McCrillis,bmccrillis88@phoca.cz,F
298,Tuckie,Lendrem,tlendrem89@yolasite.com,M
299,John,Claussen,jclaussen8a@cloudflare.com,M
300,Darell,Butterwick,dbutterwick8b@ucla.edu,F
301,Othella,Hudspith,ohudspith8c@ca.gov,F
302,Silvie,Davidzon,sdavidzon8d@free.fr,F
303,Natalina,Branchett,nbranchett8e@imageshack.us,F
304,Whitby,O'Geaney,wogeaney8f@dedecms.com,M
305,Odell,Simionescu,osimionescu8g@yale.edu,M
306,Carlin,Spackman,cspackman8h@ezinearticles.com,F
307,Blondy,Wyon,bwyon8i@miitbeian.gov.cn,F
308,Maria,Applewhaite,mapplewhaite8j@flavors.me,F
309,Moss,Patient,mpatient8k@webeden.co.uk,M
310,Wittie,Colebeck,wcolebeck8l@elegantthemes.com,M
311,Jenica,Cristoforetti,jcristoforetti8m@example.com,F
312,Viki,Puddin,vpuddin8n@plala.or.jp,F
313,Di,O'Sesnane,dosesnane8o@marketwatch.com,F
314,Ebenezer,Antoney,eantoney8p@hibu.com,M
315,Leupold,Apthorpe,lapthorpe8q@tmall.com,M
316,Hanny,Shave,hshave8r@boston.com,F
317,Sergei,Stripling,sstripling8s@printfriendly.com,M
318,Anallese,Bollis,abollis8t@oakley.com,F
319,Tobe,Carverhill,tcarverhill8u@bloomberg.com,M
320,Mart,Railton,mrailton8v@nytimes.com,M
321,Kelbee,Zecchini,kzecchini8w@imdb.com,M
322,Cinda,Aronovitz,caronovitz8x@163.com,F
323,Nikolaus,Hyslop,nhyslop8y@accuweather.com,M
324,Konstance,Wycliffe,kwycliffe8z@dropbox.com,F
325,Marsh,Bould,mbould90@cdc.gov,M
326,Nestor,Dormer,ndormer91@google.ru,M
327,Lorne,Work,lwork92@lulu.com,F
328,Currey,Holme,cholme93@google.com.au,M
329,Fidelity,Marquot,fmarquot94@cornell.edu,F
330,Loralee,McKeighan,lmckeighan95@google.fr,F
331,Erich,Ungerechts,eungerechts96@wikimedia.org,M
332,Ignaz,O'Crevan,iocrevan97@nih.gov,M
333,Iorgo,Dowers,idowers98@nasa.gov,M
334,Issi,Salatino,isalatino99@wsj.com,F
335,Antonin,Leabeater,aleabeater9a@vistaprint.com,M
336,Delila,Becerro,dbecerro9b@ed.gov,F
337,Leila,Gergler,lgergler9c@intel.com,F
338,Domenico,Kitcatt,dkitcatt9d@discuz.net,M
339,Morgan,Redpath,mredpath9e@businessweek.com,M
340,Evie,Clutton,eclutton9f@google.com.hk,F
341,Johny,Schechter,jschechter9g@senate.gov,M
342,Rivkah,McElory,rmcelory9h@dedecms.com,F
343,Vikki,Hannaford,vhannaford9i@seesaa.net,F
344,Darnall,Uc,duc9j@imageshack.us,M
345,Nelson,Woolcocks,nwoolcocks9k@spotify.com,M
346,Jeremy,Eccersley,jeccersley9l@shinystat.com,M
347,Reginauld,Bletcher,rbletcher9m@google.it,M
348,Fergus,Bows,fbows9n@ucsd.edu,M
349,Pascal,Dilrew,pdilrew9o@phpbb.com,M
350,Rubin,Koop,rkoop9p@bluehost.com,M
351,Iorgo,Ruddell,iruddell9q@github.com,M
352,Ebenezer,Jimes,ejimes9r@youtube.com,M
353,Francesca,Bretherton,fbretherton9s@gov.uk,F
354,Betteann,Dalloway,bdalloway9t@dyndns.org,F
355,Cheslie,Edridge,cedridge9u@buzzfeed.com,F
356,Correy,St Louis,cstlouis9v@discuz.net,M
357,Gregoor,Dietmar,gdietmar9w@uol.com.br,M
358,Jethro,Troup,jtroup9x@cam.ac.uk,M
359,Fleurette,Bolwell,fbolwell9y@biglobe.ne.jp,F
360,Humfrey,Greedier,hgreedier9z@theatlantic.com,M
361,Midge,Stollberg,mstollberga0@statcounter.com,F
362,Cassandre,Dilley,cdilleya1@soup.io,F
363,Bridgette,Rewbottom,brewbottoma2@tinyurl.com,F
364,Georgetta,Spender,gspendera3@prweb.com,F
365,Ole,Outright,ooutrighta4@smh.com.au,M
366,Bill,Labat,blabata5@friendfeed.com,F
367,Rosmunda,Jerrans,rjerransa6@usa.gov,F
368,Morgen,Hiskey,mhiskeya7@ucsd.edu,M
369,Ingaberg,Buist,ibuista8@techcrunch.com,F
370,Marigold,Hegerty,mhegertya9@wunderground.com,F
371,Izak,Greyes,igreyesaa@skype.com,M
372,Mamie,Adnett,madnettab@unicef.org,F
373,Agneta,Iozefovich,aiozefovichac@etsy.com,F
374,Aile,Impy,aimpyad@weibo.com,F
375,Page,Bick,pbickae@hibu.com,F
376,Anett,Dorrian,adorrianaf@baidu.com,F
377,Suzy,Hankinson,shankinsonag@webs.com,F
378,Emelina,Klagge,eklaggeah@elegantthemes.com,F
379,Fenelia,Naughton,fnaughtonai@illinois.edu,F
380,Lani,Battabee,lbattabeeaj@blogtalkradio.com,F
381,Stephannie,O Mullen,somullenak@alexa.com,F
382,Abdel,Scarce,ascarceal@un.org,M
383,Odille,Aviss,oavissam@merriam-webster.com,F
384,Gabriellia,Duckfield,gduckfieldan@earthlink.net,F
385,Ernaline,Leggate,eleggateao@icq.com,F
386,Consuela,Macieja,cmaciejaap@auda.org.au,F
387,Leland,Mayston,lmaystonaq@xing.com,M
388,Cleveland,Thicking,cthickingar@skyrock.com,M
389,Barbi,Lorimer,blorimeras@bbb.org,F
390,Bree,Hercules,bherculesat@instagram.com,F
391,Stephani,Pestor,spestorau@uol.com.br,F
392,Vilhelmina,Handover,vhandoverav@cbslocal.com,F
393,Hilliard,Adanet,hadanetaw@economist.com,M
394,Sela,Gauson,sgausonax@independent.co.uk,F
395,Emmerich,Kirtley,ekirtleyay@samsung.com,M
396,Valentia,Curnock,vcurnockaz@usgs.gov,F
397,Gerik,Dochon,gdochonb0@godaddy.com,M
398,Cami,Golden,cgoldenb1@wufoo.com,F
399,Jourdain,McPeeters,jmcpeetersb2@yale.edu,M
400,Timi,Huddles,thuddlesb3@jiathis.com,F
401,Debra,Stapford,dstapfordb4@yahoo.co.jp,F
402,Aldridge,Covotti,acovottib5@answers.com,M
403,Stella,Pheby,sphebyb6@gov.uk,F
404,Cordelie,Glacken,cglackenb7@hexun.com,F
405,Fraser,Lis,flisb8@time.com,M
406,Delores,Ixer,dixerb9@aboutads.info,F
407,Shea,Theze,sthezeba@amazon.co.uk,F
408,Natty,Iamittii,niamittiibb@admin.ch,F
409,Rivkah,MacMakin,rmacmakinbc@bravesites.com,F
410,Early,Biglin,ebiglinbd@independent.co.uk,M
411,Perle,Geistbeck,pgeistbeckbe@fotki.com,F
412,Rickie,Gorler,rgorlerbf@yellowbook.com,M
413,Hettie,Youll,hyoullbg@ask.com,F
414,Yelena,Croux,ycrouxbh@is.gd,F
415,Gregory,Berg,gbergbi@icq.com,M
416,Herculie,Habershaw,hhabershawbj@meetup.com,M
417,Skippie,Marshal,smarshalbk@ow.ly,M
418,Kareem,Dur,kdurbl@dyndns.org,M
419,Davidde,Reddlesden,dreddlesdenbm@surveymonkey.com,M
420,Dani,McTeer,dmcteerbn@163.com,M
421,Xerxes,Keyworth,xkeyworthbo@ning.com,M
422,Matelda,Izakson,mizaksonbp@wired.com,F
423,Stan,Bittleson,sbittlesonbq@ucsd.edu,M
424,Guenevere,Mosby,gmosbybr@gov.uk,F
425,Donica,Glasner,dglasnerbs@hostgator.com,F
426,Dante,Monnelly,dmonnellybt@t-online.de,M
427,Aharon,Guarin,aguarinbu@lycos.com,M
428,Jessa,Older,jolderbv@craigslist.org,F
429,Heddie,Rignall,hrignallbw@illinois.edu,F
430,Anastasia,Banford,abanfordbx@mtv.com,F
431,Kittie,Beebis,kbeebisby@e-recht24.de,F
432,Tabitha,Billany,tbillanybz@pbs.org,F
433,Reube,McNalley,rmcnalleyc0@sourceforge.net,M
434,Caren,Roakes,croakesc1@altervista.org,F
435,Carmencita,Umbert,cumbertc2@apple.com,F
436,Corney,Bruhn,cbruhnc3@vimeo.com,M
437,Amby,Fettiplace,afettiplacec4@tamu.edu,M
438,Kitti,Thombleson,kthomblesonc5@bbc.co.uk,F
439,Vergil,Vasyatkin,vvasyatkinc6@flavors.me,M
440,Kim,Sessions,ksessionsc7@pbs.org,F
441,Wash,Pavek,wpavekc8@mail.ru,M
442,Luke,Mangeney,lmangeneyc9@slate.com,M
443,Nikolaos,Farres,nfarresca@creativecommons.org,M
444,Lory,Lathey,llatheycb@creativecommons.org,F
445,Smith,Domnick,sdomnickcc@army.mil,M
446,Glen,Mattholie,gmattholiecd@jimdo.com,M
447,Lee,Ace,lacece@chicagotribune.com,M
448,Holmes,Santi,hsanticf@sogou.com,M
449,Garrek,Brahmer,gbrahmercg@sakura.ne.jp,M
450,Niko,Lippi,nlippich@vinaora.com,M
451,Palmer,Crosdill,pcrosdillci@live.com,M
452,Anthea,Colby,acolbycj@dagondesign.com,F
453,Travus,Everett,teverettck@japanpost.jp,M
454,Adelind,Odde,aoddecl@indiatimes.com,F
455,Hercule,Chesworth,hchesworthcm@stumbleupon.com,M
456,Jerrold,Stithe,jstithecn@histats.com,M
457,Nessy,Fullstone,nfullstoneco@reverbnation.com,F
458,Berny,Leaming,bleamingcp@ameblo.jp,F
459,Trescha,Flode,tflodecq@tiny.cc,F
460,Maryanna,Iskowitz,miskowitzcr@wunderground.com,F
461,Kaila,Cogdon,kcogdoncs@mit.edu,F
462,Jerome,Broomfield,jbroomfieldct@newyorker.com,M
463,Gwendolin,Champerlen,gchamperlencu@blog.com,F
464,Chris,Lennarde,clennardecv@pcworld.com,M
465,Alfie,Rainbird,arainbirdcw@jiathis.com,M
466,Pierson,Pedreschi,ppedreschicx@naver.com,M
467,Burke,Bartalini,bbartalinicy@flickr.com,M
468,Chrissie,Schwerin,cschwerincz@mysql.com,F
469,Shay,Sheer,ssheerd0@exblog.jp,M
470,Orv,Buffham,obuffhamd1@jigsy.com,M
471,Pattie,Weaben,pweabend2@mlb.com,M
472,Helaina,Brandenberg,hbrandenbergd3@marketwatch.com,F
473,Esme,Hyslop,ehyslopd4@imageshack.us,F
474,Jonathan,Kilban,jkilband5@usda.gov,M
475,Denver,Fay,dfayd6@devhub.com,M
476,Latisha,Stapleton,lstapletond7@ask.com,F
477,Tessi,Allright,tallrightd8@imdb.com,F
478,Merrile,Helks,mhelksd9@spiegel.de,F
479,Parke,Gudyer,pgudyerda@tripadvisor.com,M
480,Babita,Beneteau,bbeneteaudb@omniture.com,F
481,Harlen,Bamlet,hbamletdc@salon.com,M
482,Eugene,Carsey,ecarseydd@reference.com,M
483,Mitch,Gwillym,mgwillymde@sun.com,M
484,Chalmers,Kleanthous,ckleanthousdf@economist.com,M
485,Shoshana,Ithell,sithelldg@state.gov,F
486,Alison,Castellone,acastellonedh@goo.gl,F
487,Ezri,Maskew,emaskewdi@shinystat.com,M
488,Alexi,Eighteen,aeighteendj@odnoklassniki.ru,F
489,Darn,Farnhill,dfarnhilldk@posterous.com,M
490,Lionel,Saenz,lsaenzdl@nhs.uk,M
491,Stefa,Hirjak,shirjakdm@themeforest.net,F
492,Pasquale,Loney,ploneydn@pinterest.com,M
493,Libby,Ochiltree,lochiltreedo@usgs.gov,F
494,Artemas,Dorsey,adorseydp@g.co,M
495,Alyda,Dougherty,adoughertydq@google.com.au,F
496,Irving,Benazet,ibenazetdr@toplist.cz,M
497,Barris,Deinhard,bdeinhardds@gravatar.com,M
498,Gerry,Sidebotham,gsidebothamdt@about.me,F
499,Sutton,Springer,sspringerdu@blogs.com,M
500,Suzette,Autry,sautrydv@pinterest.com,F
501,Richart,Glenn,rglenndw@sogou.com,M
502,Billye,Ody,bodydx@lycos.com,F
503,Lester,Mole,lmoledy@nymag.com,M
504,Hynda,Leroy,hleroydz@whitehouse.gov,F
505,Federica,Coe,fcoee0@comcast.net,F
506,Nicolea,Gillino,ngillinoe1@pinterest.com,F
507,Theodoric,MacPhail,tmacphaile2@ftc.gov,M
508,Star,Wigmore,swigmoree3@vkontakte.ru,F
509,Reinaldos,Gellion,rgellione4@lulu.com,M
510,Travus,Ginity,tginitye5@google.nl,M
511,Alden,Hailey,ahaileye6@lycos.com,M
512,Athena,Pimbley,apimbleye7@multiply.com,F
513,Maxie,Glassborow,mglassborowe8@newsvine.com,F
514,Sibyl,Carabet,scarabete9@hexun.com,M
515,Brian,Maskall,bmaskallea@omniture.com,M
516,Casandra,Crowson,ccrowsoneb@tiny.cc,F
517,Aldon,Beelby,abeelbyec@google.com.au,M
518,Orbadiah,Shear,osheared@ucoz.com,M
519,Tate,Anscott,tanscottee@plala.or.jp,F
520,Corissa,Wimbush,cwimbushef@technorati.com,F
521,Goran,McGifford,gmcgiffordeg@rediff.com,M
522,Vic,Prime,vprimeeh@g.co,M
523,Ed,Yokel,eyokelei@instagram.com,M
524,Renelle,Lyman,rlymanej@admin.ch,F
525,Ema,Sidery,esideryek@buzzfeed.com,F
526,Raven,Barrim,rbarrimel@123-reg.co.uk,F
527,Albrecht,Norsister,anorsisterem@ucoz.com,M
528,Clemence,Feathers,cfeathersen@about.me,F
529,Margery,Abrahmer,mabrahmereo@addthis.com,F
530,Nari,Foulgham,nfoulghamep@behance.net,F
531,Zedekiah,Mazey,zmazeyeq@un.org,M
532,Nikaniki,MacTrustram,nmactrustramer@webnode.com,F
533,Selma,Lammert,slammertes@google.com.hk,F
534,Kendra,Duckels,kduckelset@shinystat.com,F
535,Candra,Lenthall,clenthalleu@wp.com,F
536,Bessie,Stellin,bstellinev@miibeian.gov.cn,F
537,Normie,Burnhard,nburnhardew@nbcnews.com,M
538,Michel,McChesney,mmcchesneyex@yahoo.co.jp,F
539,Bryn,Gilfoyle,bgilfoyleey@gravatar.com,F
540,Angus,Braitling,abraitlingez@soup.io,M
541,Sheelagh,Mixer,smixerf0@icq.com,F
542,Brigit,Jope,bjopef1@constantcontact.com,F
543,Editha,Ledley,eledleyf2@mashable.com,F
544,Kaine,Barden,kbardenf3@desdev.cn,M
545,Marcelle,Newby,mnewbyf4@mtv.com,F
546,Ester,Balaizot,ebalaizotf5@360.cn,F
547,Cinnamon,Pickerell,cpickerellf6@latimes.com,F
548,Ede,Tuminini,etumininif7@ox.ac.uk,F
549,Sibbie,Iorio,sioriof8@slashdot.org,F
550,Ezekiel,Doust,edoustf9@comcast.net,M
551,Quinton,Eggleson,qegglesonfa@smugmug.com,M
552,Ida,McDavid,imcdavidfb@foxnews.com,F
553,Shelden,Tomes,stomesfc@mozilla.org,M
554,Roth,Goodbody,rgoodbodyfd@nasa.gov,M
555,Kaile,Godding,kgoddingfe@foxnews.com,F
556,Joe,Von Der Empten,jvonderemptenff@engadget.com,M
557,Janel,Hoopper,jhoopperfg@fastcompany.com,F
558,Torie,Cory,tcoryfh@123-reg.co.uk,F
559,Salvador,Bazoche,sbazochefi@hc360.com,M
560,Martica,Luchetti,mluchettifj@hc360.com,F
561,Anallise,Lavallie,alavalliefk@slashdot.org,F
562,Katrina,Fontenot,kfontenotfl@icio.us,F
563,Willdon,Pullen,wpullenfm@mac.com,M
564,Valentine,Ruprecht,vruprechtfn@japanpost.jp,M
565,Elmo,Slyvester,eslyvesterfo@accuweather.com,M
566,Dirk,Reis,dreisfp@privacy.gov.au,M
567,Starr,Dalgarnowch,sdalgarnowchfq@cmu.edu,F
568,Bari,Book,bbookfr@chron.com,F
569,Aloise,Artois,aartoisfs@utexas.edu,F
570,Atalanta,Von Helmholtz,avonhelmholtzft@nytimes.com,F
571,Bessie,Rickarsey,brickarseyfu@tripadvisor.com,F
572,Abbe,Clarkin,aclarkinfv@apple.com,M
573,Vernor,Monget,vmongetfw@goodreads.com,M
574,Grantley,Hepher,ghepherfx@craigslist.org,M
575,Daffie,Clewlow,dclewlowfy@salon.com,F
576,Vaughan,Verna,vvernafz@jugem.jp,M
577,Julietta,Jennaroy,jjennaroyg0@google.ru,F
578,Alissa,Rosenau,arosenaug1@linkedin.com,F
579,Briano,Tison,btisong2@constantcontact.com,M
580,Natalee,Potteril,npotterilg3@macromedia.com,F
581,Leila,Bon,lbong4@va.gov,F
582,Jasmina,Salvador,jsalvadorg5@chicagotribune.com,F
583,Lexis,Parvin,lparving6@google.pl,F
584,Fara,Kyston,fkystong7@phoca.cz,F
585,Fabio,Buckam,fbuckamg8@ibm.com,M
586,Boothe,Hamshaw,bhamshawg9@scientificamerican.com,M
587,Pierce,Mathou,pmathouga@cnbc.com,M
588,Ainslee,de Glanville,adeglanvillegb@dell.com,F
589,Matthaeus,Horley,mhorleygc@fema.gov,M
590,Glori,Spybey,gspybeygd@oakley.com,F
591,Adrianna,Tomenson,atomensonge@usatoday.com,F
592,Agna,Barme,abarmegf@ted.com,F
593,Sheena,Marty,smartygg@rediff.com,F
594,Aime,Schops,aschopsgh@answers.com,F
595,Hestia,Yates,hyatesgi@google.fr,F
596,Sarge,Olech,solechgj@theatlantic.com,M
597,Indira,Fiennes,ifiennesgk@blinklist.com,F
598,Bev,Tombling,btomblinggl@ehow.com,F
599,Daren,Galle,dgallegm@weebly.com,M
600,Fancie,Van der Brug,fvanderbruggn@godaddy.com,F
601,Alie,Nansom,anansomgo@nsw.gov.au,F
602,Val,Jann,vjanngp@bloomberg.com,M
603,Wilhelmina,Starling,wstarlinggq@miitbeian.gov.cn,F
604,Rhianon,Farquhar,rfarquhargr@google.com,F
605,Dee,Whenham,dwhenhamgs@ifeng.com,F
606,Lyndsey,Bellow,lbellowgt@blogtalkradio.com,F
607,Zea,Housegoe,zhousegoegu@deliciousdays.com,F
608,Karlis,Ioselevich,kioselevichgv@java.com,M
609,Lynnea,Warn,lwarngw@g.co,F
610,Lance,McCombe,lmccombegx@google.com,M
611,Di,Meckiff,dmeckiffgy@nba.com,F
612,Jacklyn,Baal,jbaalgz@is.gd,F
613,Robinson,Lawler,rlawlerh0@freewebs.com,M
614,Aile,Guillford,aguillfordh1@springer.com,F
615,Cassey,Silburn,csilburnh2@xing.com,F
616,Bar,Chelnam,bchelnamh3@sphinn.com,M
617,Reggis,Stolberger,rstolbergerh4@ucoz.ru,M
618,Myrwyn,Greenmon,mgreenmonh5@epa.gov,M
619,Far,Harrinson,fharrinsonh6@smugmug.com,M
620,Virge,Lalonde,vlalondeh7@angelfire.com,M
621,Rodger,O'Bradain,robradainh8@etsy.com,M
622,Derby,O'Glessane,doglessaneh9@house.gov,M
623,Suzanne,Wanless,swanlessha@globo.com,F
624,Maxine,McCourt,mmccourthb@yelp.com,F
625,Gabriellia,Labuschagne,glabuschagnehc@livejournal.com,F
626,Dawna,O'Shiel,doshielhd@ucsd.edu,F
627,Gilbertine,Rachuig,grachuighe@51.la,F
628,Sherman,Spradbrow,sspradbrowhf@cpanel.net,M
629,Annalee,Dirr,adirrhg@tiny.cc,F
630,Saidee,Minshall,sminshallhh@virginia.edu,F
631,Adena,Pickring,apickringhi@google.com,F
632,Patty,Jean,pjeanhj@abc.net.au,M
633,Idell,Vidgeon,ividgeonhk@usa.gov,F
634,Cherianne,Petrushanko,cpetrushankohl@ebay.com,F
635,Jacki,Barbery,jbarberyhm@elegantthemes.com,F
636,Thibaut,Mottinelli,tmottinellihn@amazon.de,M
637,Marrilee,Thirst,mthirstho@ustream.tv,F
638,Jed,Tome,jtomehp@stanford.edu,M
639,Allyn,Gutman,agutmanhq@ucsd.edu,M
640,Chen,Daniely,cdanielyhr@rakuten.co.jp,M
641,Bruce,Maskelyne,bmaskelynehs@bizjournals.com,M
642,Frans,Stores,fstoresht@dot.gov,M
643,Ervin,Giller,egillerhu@europa.eu,M
644,Currey,Jamson,cjamsonhv@youku.com,M
645,Dacie,Underdown,dunderdownhw@usnews.com,F
646,Elva,Shergill,eshergillhx@samsung.com,F
647,Kelsey,Fishly,kfishlyhy@dell.com,F
648,Cyrillus,Union,cunionhz@desdev.cn,M
649,Ruthie,McTeer,rmcteeri0@uol.com.br,F
650,Everett,Lendrem,elendremi1@weebly.com,M
651,Tamas,Boram,tborami2@webeden.co.uk,M
652,Allene,Urien,aurieni3@dion.ne.jp,F
653,Adler,Aguirrezabala,aaguirrezabalai4@ifeng.com,M
654,Lissa,Pietzker,lpietzkeri5@edublogs.org,F
655,Mikel,Bavester,mbavesteri6@sphinn.com,M
656,Thom,Seak,tseaki7@timesonline.co.uk,M
657,Laurianne,Ainscow,lainscowi8@usatoday.com,F
658,Arnaldo,Dace,adacei9@npr.org,M
659,June,Uwins,juwinsia@163.com,F
660,Joelynn,Hubbard,jhubbardib@typepad.com,F
661,Ruthanne,Ikin,rikinic@skype.com,F
662,Nolan,Jehaes,njehaesid@sciencedaily.com,M
663,Tabatha,Caven,tcavenie@princeton.edu,F
664,Darnell,Simes,dsimesif@tinyurl.com,M
665,Otha,Nabbs,onabbsig@bbc.co.uk,F
666,Halette,Livock,hlivockih@github.com,F
667,Evy,Corragan,ecorraganii@blogger.com,F
668,Tatiania,Gaytor,tgaytorij@exblog.jp,F
669,Waiter,Boatwright,wboatwrightik@rediff.com,M
670,Preston,Cherrett,pcherrettil@wikimedia.org,M
671,Dominica,Pleaden,dpleadenim@ihg.com,F
672,Olin,Cregan,ocreganin@furl.net,M
673,Garold,De Paoli,gdepaoliio@opensource.org,M
674,Nicky,Elloway,nellowayip@nih.gov,M
675,Isaiah,Shimony,ishimonyiq@hhs.gov,M
676,Rayna,Huby,rhubyir@cnet.com,F
677,Caldwell,Bagot,cbagotis@google.co.jp,M
678,Kingsley,Jerrans,kjerransit@simplemachines.org,M
679,Ronda,Tomicki,rtomickiiu@msn.com,F
680,Umberto,Bankhurst,ubankhurstiv@prnewswire.com,M
681,Waly,Ransley,wransleyiw@drupal.org,F
682,Dorisa,Gradly,dgradlyix@furl.net,F
683,Ambur,Squibbes,asquibbesiy@wisc.edu,F
684,Hadlee,Passey,hpasseyiz@123-reg.co.uk,M
685,Ashley,Teggin,ategginj0@google.es,M
686,Ximenez,Hobson,xhobsonj1@arstechnica.com,M
687,Gertrude,Wilber,gwilberj2@cdc.gov,F
688,Kennie,Romeo,kromeoj3@behance.net,M
689,Cherey,Phin,cphinj4@issuu.com,F
690,Chandler,Burgill,cburgillj5@merriam-webster.com,M
691,Ezechiel,Awde,eawdej6@bloomberg.com,M
692,Cecilla,Gozney,cgozneyj7@over-blog.com,F
693,Juliann,Andrzejewski,jandrzejewskij8@mediafire.com,F
694,Herve,Jinkin,hjinkinj9@exblog.jp,M
695,Lamar,Swadon,lswadonja@sitemeter.com,M
696,Allis,Peres,aperesjb@networkadvertising.org,F
697,Jodie,Quinnelly,jquinnellyjc@mozilla.org,F
698,Marti,Bebbington,mbebbingtonjd@chicagotribune.com,F
699,Krystal,Zanni,kzannije@paginegialle.it,F
700,Tomlin,Aizikov,taizikovjf@theguardian.com,M
701,Brade,Pelos,bpelosjg@gizmodo.com,M
702,Laura,Prisk,lpriskjh@examiner.com,F
703,Maisie,Pierrepoint,mpierrepointji@bandcamp.com,F
704,Reamonn,Larner,rlarnerjj@alibaba.com,M
705,Isa,Schubert,ischubertjk@google.co.jp,M
706,Nessy,Bachelar,nbachelarjl@biblegateway.com,F
707,Killie,Kirlin,kkirlinjm@indiatimes.com,M
708,Nalani,Janeczek,njaneczekjn@hostgator.com,F
709,Julieta,Langhorne,jlanghornejo@shareasale.com,F
710,Biron,Sarchwell,bsarchwelljp@whitehouse.gov,M
711,Sandra,McGrady,smcgradyjq@angelfire.com,F
712,Leonerd,Sisneros,lsisnerosjr@tiny.cc,M
713,Herculie,Canto,hcantojs@ucoz.ru,M
714,Hillier,Keilloh,hkeillohjt@devhub.com,M
715,Earlie,Lockier,elockierju@japanpost.jp,M
716,Matthias,Haswell,mhaswelljv@ezinearticles.com,M
717,Adler,Rosengart,arosengartjw@hibu.com,M
718,Devina,Sievewright,dsievewrightjx@mail.ru,F
719,Isidore,Wathan,iwathanjy@soup.io,M
720,Janis,Weafer,jweaferjz@tamu.edu,F
721,Erick,Spirit,espiritk0@1und1.de,M
722,Jessy,Domb,jdombk1@yellowpages.com,F
723,Zelda,Shipcott,zshipcottk2@ox.ac.uk,F
724,Orran,Nudds,onuddsk3@ucsd.edu,M
725,Allister,Polino,apolinok4@histats.com,M
726,Marnia,Goublier,mgoublierk5@pbs.org,F
727,Rosy,Hawkey,rhawkeyk6@economist.com,F
728,Dillie,Whitlock,dwhitlockk7@nature.com,M
729,Hank,Walkowski,hwalkowskik8@accuweather.com,M
730,Aeriela,Donohoe,adonohoek9@cnn.com,F
731,Essa,Heare,eheareka@elpais.com,F
732,Gabbie,Jirus,gjiruskb@princeton.edu,M
733,Luella,Kleinholz,lkleinholzkc@shinystat.com,F
734,Riccardo,Cadden,rcaddenkd@pen.io,M
735,Ede,Ranger,erangerke@about.me,F
736,Cherey,Sercombe,csercombekf@msn.com,F
737,Killian,Lambertz,klambertzkg@goodreads.com,M
738,Harriot,Vasilov,hvasilovkh@japanpost.jp,F
739,Lynsey,McRobert,lmcrobertki@soundcloud.com,F
740,Derby,Witul,dwitulkj@webnode.com,M
741,Fin,McNeice,fmcneicekk@clickbank.net,M
742,Katherina,Gudahy,kgudahykl@princeton.edu,F
743,Mehetabel,Kenningham,mkenninghamkm@flavors.me,F
744,Ker,Eagleston,keaglestonkn@princeton.edu,M
745,Hanson,Buffy,hbuffyko@npr.org,M
746,Boyce,Younghusband,byounghusbandkp@nytimes.com,M
747,Martyn,Danes,mdaneskq@biblegateway.com,M
748,Hector,Demcak,hdemcakkr@about.me,M
749,Jennette,Audenis,jaudenisks@51.la,F
750,Loren,Baddeley,lbaddeleykt@typepad.com,F
751,Olivier,Alentyev,oalentyevku@smh.com.au,M
752,Jehu,Hafner,jhafnerkv@canalblog.com,M
753,Bobinette,Shaddock,bshaddockkw@fema.gov,F
754,Caspar,Tritten,ctrittenkx@mit.edu,M
755,Geraldine,Bamsey,gbamseyky@google.pl,F
756,Cazzie,Lowsely,clowselykz@tripod.com,M
757,Tedd,Peschke,tpeschkel0@time.com,M
758,Essa,Hembrow,ehembrowl1@vkontakte.ru,F
759,Bogey,Hubbuck,bhubbuckl2@fema.gov,M
760,Jethro,Ruggieri,jruggieril3@wisc.edu,M
761,Josee,Dawton,jdawtonl4@tinypic.com,F
762,Dunc,January 1st,djanuarystl5@xing.com,M
763,Ado,Bradtke,abradtkel6@slashdot.org,M
764,Randy,Rumke,rrumkel7@webs.com,F
765,Haily,Soreau,hsoreaul8@webmd.com,M
766,Storm,Brear,sbrearl9@nba.com,F
767,Marcie,Kix,mkixla@usgs.gov,F
768,Corrine,Chantillon,cchantillonlb@sakura.ne.jp,F
769,Fifi,Burchett,fburchettlc@techcrunch.com,F
770,Kendall,Haulkham,khaulkhamld@businessweek.com,M
771,Welch,Papen,wpapenle@soup.io,M
772,Marci,Ottiwill,mottiwilllf@barnesandnoble.com,F
773,Lannie,Beyne,lbeynelg@flavors.me,M
774,Lester,Pottiphar,lpottipharlh@house.gov,M
775,Estelle,Couche,ecoucheli@wix.com,F
776,Megen,Hazard,mhazardlj@vimeo.com,F
777,Germain,Filby,gfilbylk@free.fr,M
778,Avictor,Kaplin,akaplinll@yellowbook.com,M
779,Ethelind,Naptine,enaptinelm@bigcartel.com,F
780,Tony,Elijahu,telijahuln@de.vu,M
781,Tally,Leveret,tleveretlo@spiegel.de,M
782,Wandie,Suthworth,wsuthworthlp@thetimes.co.uk,F
783,Lucienne,Brothwell,lbrothwelllq@devhub.com,F
784,Meridith,Andreone,mandreonelr@webeden.co.uk,F
785,Nickolai,Cromarty,ncromartyls@seattletimes.com,M
786,Tulley,Larrie,tlarrielt@theguardian.com,M
787,Clareta,Turbill,cturbilllu@sciencedirect.com,F
788,Cherilynn,Jeavons,cjeavonslv@weebly.com,F
789,Xylia,Muzzini,xmuzzinilw@columbia.edu,F
790,Cher,Hulatt,chulattlx@alibaba.com,F
791,Lisabeth,Mattussevich,lmattussevichly@altervista.org,F
792,Brynn,MacMaykin,bmacmaykinlz@vistaprint.com,F
793,Austen,Wybrow,awybrowm0@hp.com,M
794,Rebe,Arnott,rarnottm1@flavors.me,F
795,Derek,Elcoate,delcoatem2@google.com.br,M
796,Devan,Akroyd,dakroydm3@ucla.edu,F
797,Alberik,Garnsey,agarnseym4@facebook.com,M
798,Curry,Kale,ckalem5@gravatar.com,M
799,Irma,Coburn,icoburnm6@ca.gov,F
800,Kirbee,Josephsen,kjosephsenm7@github.com,F
801,Devon,Tichelaar,dtichelaarm8@china.com.cn,F
802,Walker,Klimczak,wklimczakm9@chron.com,M
803,Brittney,Tucknott,btucknottma@chicagotribune.com,F
804,Ilsa,Paolino,ipaolinomb@bing.com,F
805,Romy,Southwick,rsouthwickmc@ifeng.com,F
806,Fredrika,Vaadeland,fvaadelandmd@ovh.net,F
807,Guenevere,Copnar,gcopnarme@de.vu,F
808,Emanuel,Sorey,esoreymf@goodreads.com,M
809,Calla,Antoszewski,cantoszewskimg@symantec.com,F
810,Cristi,Exeter,cexetermh@istockphoto.com,F
811,Irving,Downs,idownsmi@networkadvertising.org,M
812,Gaultiero,Zuann,gzuannmj@gravatar.com,M
813,Kasper,Shone,kshonemk@ucoz.com,M
814,Marissa,Schubart,mschubartml@seesaa.net,F
815,Artemas,Jerrold,ajerroldmm@bravesites.com,M
816,Elisabetta,Scougall,escougallmn@examiner.com,F
817,Isis,Cawston,icawstonmo@bigcartel.com,F
818,Arnold,Gartin,agartinmp@twitter.com,M
819,Wat,Cowlishaw,wcowlishawmq@samsung.com,M
820,Cari,Vane,cvanemr@blinklist.com,F
821,Agneta,Duligall,aduligallms@howstuffworks.com,F
822,Dulcinea,Wollard,dwollardmt@storify.com,F
823,Humphrey,Dikes,hdikesmu@epa.gov,M
824,Kalle,Alflatt,kalflattmv@ustream.tv,M
825,Booth,Youtead,byouteadmw@mozilla.com,M
826,Bryanty,Grelak,bgrelakmx@de.vu,M
827,Gisele,Smitherman,gsmithermanmy@illinois.edu,F
828,Pepito,Coppens,pcoppensmz@independent.co.uk,M
829,Russ,Briar,rbriarn0@ehow.com,M
830,Toinette,Morrell,tmorrelln1@tinyurl.com,F
831,Lilli,Meins,lmeinsn2@stumbleupon.com,F
832,Amery,Le Grove,alegroven3@mashable.com,M
833,Frederich,Goulborn,fgoulbornn4@japanpost.jp,M
834,Linn,Schulze,lschulzen5@linkedin.com,F
835,Kori,O' Cloney,kocloneyn6@prnewswire.com,F
836,Emmanuel,Argont,eargontn7@sciencedirect.com,M
837,Dav,Orman,dormann8@ebay.co.uk,M
838,Rance,Borleace,rborleacen9@tmall.com,M
839,Lorry,Eyers,leyersna@opera.com,M
840,Rosemary,Petriello,rpetriellonb@blog.com,F
841,Enrique,Clinton,eclintonnc@soup.io,M
842,Culley,McInally,cmcinallynd@opera.com,M
843,Raffaello,Sheed,rsheedne@hibu.com,M
844,Federico,Budd,fbuddnf@ucsd.edu,M
845,Jenni,Nelthorpe,jnelthorpeng@mysql.com,F
846,Conchita,Jaspar,cjasparnh@scientificamerican.com,F
847,Darby,Haily,dhailyni@wikipedia.org,M
848,Brian,Hesser,bhessernj@techcrunch.com,M
849,Zebulen,Quincey,zquinceynk@prweb.com,M
850,Reinald,Bulley,rbulleynl@washingtonpost.com,M
851,Eberhard,Vasilechko,evasilechkonm@cnet.com,M
852,Lou,Osgorby,losgorbynn@zdnet.com,M
853,Augy,Choupin,achoupinno@dropbox.com,M
854,Massimo,Battram,mbattramnp@reverbnation.com,M
855,Gertrud,MacTague,gmactaguenq@sourceforge.net,F
856,Shayne,Feehily,sfeehilynr@edublogs.org,M
857,Niven,Bessett,nbessettns@yale.edu,M
858,Langston,Berndtsson,lberndtssonnt@dmoz.org,M
859,Onfre,Iacovone,oiacovonenu@last.fm,M
860,Herve,Lowten,hlowtennv@sina.com.cn,M
861,Dru,Sepey,dsepeynw@europa.eu,M
862,Anjela,Gundry,agundrynx@people.com.cn,F
863,Karel,Nutbeem,knutbeemny@geocities.jp,M
864,Milty,Chipchase,mchipchasenz@delicious.com,M
865,Meggie,Dibble,mdibbleo0@sitemeter.com,F
866,Ariela,Avrahamoff,aavrahamoffo1@tinyurl.com,F
867,Gilly,Montier,gmontiero2@mapy.cz,F
868,Ethelin,Denyagin,edenyagino3@ifeng.com,F
869,Leann,Warwicker,lwarwickero4@abc.net.au,F
870,Lethia,Jonson,ljonsono5@whitehouse.gov,F
871,Vinnie,Humberstone,vhumberstoneo6@pagesperso-orange.fr,M
872,Meir,Esmonde,mesmondeo7@bloglines.com,M
873,Kamila,Gunda,kgundao8@bbb.org,F
874,Lancelot,Hardaker,lhardakero9@phoca.cz,M
875,Luciano,Bourdis,lbourdisoa@goo.ne.jp,M
876,Ignaz,Reiners,ireinersob@chronoengine.com,M
877,Augie,Bartoszewski,abartoszewskioc@engadget.com,M
878,Maddie,Gudgeon,mgudgeonod@list-manage.com,M
879,Pasquale,Simakov,psimakovoe@prweb.com,M
880,Etti,Torricina,etorricinaof@fotki.com,F
881,Moina,Halsall,mhalsallog@123-reg.co.uk,F
882,Ariela,Blaby,ablabyoh@admin.ch,F
883,Hailee,Reboulet,hrebouletoi@wunderground.com,F
884,Prentice,Gravells,pgravellsoj@paginegialle.it,M
885,Scotti,Dymick,sdymickok@mit.edu,M
886,Cris,Nicholes,cnicholesol@sakura.ne.jp,F
887,Mar,Ashling,mashlingom@yandex.ru,M
888,Brandy,Fernier,bfernieron@miibeian.gov.cn,F
889,Ayn,Schulze,aschulzeoo@wp.com,F
890,Robinette,Rain,rrainop@prlog.org,F
891,Reine,Athey,ratheyoq@nps.gov,F
892,Stacy,Morgen,smorgenor@shop-pro.jp,F
893,Maegan,Syseland,msyselandos@google.co.uk,F
894,Renard,O'Corren,rocorrenot@hibu.com,M
895,Alyss,Ollet,aolletou@wiley.com,F
896,Spike,Pitney,spitneyov@stumbleupon.com,M
897,Doloritas,Fritschel,dfritschelow@nydailynews.com,F
898,Donn,Gladwin,dgladwinox@parallels.com,M
899,Nollie,Trobridge,ntrobridgeoy@spiegel.de,M
900,Kirsti,Ruffell,kruffelloz@scribd.com,F
901,Brooke,Cuxson,bcuxsonp0@vimeo.com,F
902,Llewellyn,McAirt,lmcairtp1@dedecms.com,M
903,Guntar,Deare,gdearep2@drupal.org,M
904,Carson,Coppo,ccoppop3@icio.us,M
905,Laurice,Sturman,lsturmanp4@prnewswire.com,F
906,Gannie,Benwell,gbenwellp5@hibu.com,M
907,Dorthea,Jiran,djiranp6@nps.gov,F
908,Nicoline,Polsin,npolsinp7@taobao.com,F
909,Hayley,Hempshall,hhempshallp8@dedecms.com,F
910,Gifford,Lawlie,glawliep9@soundcloud.com,M
911,Brien,Milward,bmilwardpa@marketwatch.com,M
912,Aluino,Foulstone,afoulstonepb@npr.org,M
913,Bunni,Shelford,bshelfordpc@newyorker.com,F
914,Bartholomew,Velte,bveltepd@surveymonkey.com,M
915,Morganica,McMennum,mmcmennumpe@sciencedirect.com,F
916,Nolie,Keunemann,nkeunemannpf@netscape.com,F
917,Jill,Sparry,jsparrypg@arstechnica.com,F
918,Terrell,Gerardot,tgerardotph@chron.com,M
919,Dorine,Kynd,dkyndpi@google.pl,F
920,Dasya,Bunstone,dbunstonepj@google.fr,F
921,Cristabel,Cowburn,ccowburnpk@indiegogo.com,F
922,Cad,Jollie,cjolliepl@gravatar.com,M
923,Felicdad,Dammarell,fdammarellpm@livejournal.com,F
924,Laurence,Pendrey,lpendreypn@wunderground.com,M
925,Elke,Bulbeck,ebulbeckpo@mozilla.org,F
926,Westleigh,Pettendrich,wpettendrichpp@kickstarter.com,M
927,Calvin,Grishechkin,cgrishechkinpq@samsung.com,M
928,Rebekah,Burchett,rburchettpr@ibm.com,F
929,Kristina,MacCrachen,kmaccrachenps@flickr.com,F
930,Yettie,Mathes,ymathespt@mapquest.com,F
931,Kalvin,Scotti,kscottipu@netscape.com,M
932,Riane,McCrillis,rmccrillispv@weather.com,F
933,Camala,Barthropp,cbarthropppw@hugedomains.com,F
934,Johnathon,Wandrack,jwandrackpx@house.gov,M
935,Salem,Penkethman,spenkethmanpy@ezinearticles.com,M
936,Mattias,Rennles,mrennlespz@github.com,M
937,Kathy,Bercevelo,kberceveloq0@xrea.com,F
938,Avigdor,Dedmam,adedmamq1@last.fm,M
939,Ulric,MacGinney,umacginneyq2@1688.com,M
940,Hollyanne,Ebbing,hebbingq3@printfriendly.com,F
941,Miguela,Kisting,mkistingq4@ebay.com,F
942,Bondy,Orred,borredq5@geocities.com,M
943,Constantina,McKeran,cmckeranq6@kickstarter.com,F
944,Pavla,Egar,pegarq7@cisco.com,F
945,Cynthea,Timby,ctimbyq8@earthlink.net,F
946,Ewan,Crunden,ecrundenq9@forbes.com,M
947,Meara,Baroche,mbarocheqa@howstuffworks.com,F
948,Averil,Ponsford,aponsfordqb@sfgate.com,F
949,Elfreda,Threader,ethreaderqc@army.mil,F
950,Gertruda,Jahnel,gjahnelqd@theguardian.com,F
951,Wendell,Porson,wporsonqe@blogspot.com,M
952,Keslie,Puddephatt,kpuddephattqf@slideshare.net,F
953,Garvy,Dwane,gdwaneqg@sbwire.com,M
954,Rip,Bottrill,rbottrillqh@shinystat.com,M
955,Tarrah,Regan,treganqi@vimeo.com,F
956,Mercy,Machans,mmachansqj@soup.io,F
957,Matthieu,Mechi,mmechiqk@thetimes.co.uk,M
958,Buckie,Kabos,bkabosql@latimes.com,M
959,Harlene,Schooling,hschoolingqm@weibo.com,F
960,Trefor,Pashan,tpashanqn@diigo.com,M
961,Konrad,Landeg,klandegqo@issuu.com,M
962,Ora,Merwede,omerwedeqp@cmu.edu,F
963,Arvin,Sambles,asamblesqq@example.com,M
964,Denny,Slatford,dslatfordqr@elegantthemes.com,F
965,Leigha,Dix,ldixqs@ed.gov,F
966,Renado,Merwood,rmerwoodqt@blinklist.com,M
967,Nicki,Witchell,nwitchellqu@princeton.edu,F
968,Stanleigh,McReedy,smcreedyqv@furl.net,M
969,Morly,Oldale,moldaleqw@homestead.com,M
970,Christalle,O'Hoey,cohoeyqx@yandex.ru,F
971,Yevette,Bernardotte,ybernardotteqy@instagram.com,F
972,Sabine,Allen,sallenqz@cornell.edu,F
973,Kariotta,Langfitt,klangfittr0@uiuc.edu,F
974,Missie,Wookey,mwookeyr1@home.pl,F
975,Hillary,Itzcovich,hitzcovichr2@ovh.net,M
976,Dolf,Turnbull,dturnbullr3@hostgator.com,M
977,Gracie,Wevell,gwevellr4@jimdo.com,F
978,Vaughn,Childs,vchildsr5@youku.com,M
979,Wain,Hugin,whuginr6@dedecms.com,M
980,Carlene,Longhorne,clonghorner7@time.com,F
981,Dallas,Callacher,dcallacherr8@hao123.com,M
982,Arlette,Durdle,adurdler9@nature.com,F
983,Ingamar,Jarrette,ijarrettera@biblegateway.com,M
984,Nicko,Garter,ngarterrb@addthis.com,M
985,Trever,Dorie,tdorierc@tripod.com,M
986,Katherina,Klulik,kklulikrd@bluehost.com,F
987,Adoree,Langsbury,alangsburyre@webs.com,F
988,Vivi,Varga,vvargarf@un.org,F
989,Amalita,O'Sculley,aosculleyrg@odnoklassniki.ru,F
990,Morey,Jouannin,mjouanninrh@timesonline.co.uk,M
991,Putnam,Elbourn,pelbournri@baidu.com,M
992,Hagan,Jeannequin,hjeannequinrj@jimdo.com,M
993,Forrester,Pawlett,fpawlettrk@youku.com,M
994,Lora,Sproul,lsproulrl@ning.com,F
995,Gayle,Child,gchildrm@hud.gov,M
996,Margery,De Coursey,mdecourseyrn@walmart.com,F
997,Aldus,Gorden,agordenro@g.co,M
998,Howie,Lucas,hlucasrp@dropbox.com,M
999,Orazio,Rosling,oroslingrq@redcross.org,M
1000,Sherm,MacCallester,smaccallesterrr@hp.com,M