id,first_name,last_name,filename,Email
1,Eberto,Crocket,OdioPorttitorId.ppt,ecrocket0@amazonaws.com
2,Fons,Haydock,Vulputate.txt,fhaydock1@tamu.edu
3,Elane,Nilles,CongueEgetSemper.doc,enilles2@paypal.com
4,Tobin,Treuge,Maecenas.ppt,ttreuge3@washington.edu
5,Vonny,Benning,Quam.gif,vbenning4@webeden.co.uk
6,Helenelizabeth,Maffy,Adipiscing.ppt,hmaffy5@dyndns.org
7,Brianna,Glassopp,OrciLuctus.avi,bglassopp6@moonfruit.com
8,Burton,Chittim,AnteNulla.mp3,bchittim7@networkadvertising.org
9,Garey,Baynon,SagittisNam.jpeg,gbaynon8@ovh.net
10,Isabel,Lorey,CumSociis.png,ilorey9@auda.org.au
11,Horatia,Baxter,Nascetur.avi,hbaxtera@nymag.com
12,Nollie,Ibbitson,PretiumIaculisDiam.png,nibbitsonb@admin.ch
13,Bran,Saiens,IntegerPedeJusto.txt,bsaiensc@pcworld.com
14,Jaine,Cescotti,Egestas.ppt,jcescottid@ucsd.edu
15,Sully,Blinman,PrimisIn.pdf,sblinmane@columbia.edu
16,Halli,Spiaggia,AcNibh.mp3,hspiaggiaf@usnews.com
17,Emmett,Larenson,Suscipit.xls,elarensong@amazon.de
18,Kilian,Dabels,Purus.gif,kdabelsh@nydailynews.com
19,Lynsey,Rowden,VulputateVitae.tiff,lrowdeni@bbb.org
20,Kayley,Brownett,MassaDonec.jpeg,kbrownettj@jalbum.net
21,Cobbie,Gainseford,LiberoUt.mpeg,cgainsefordk@studiopress.com
22,Uriah,Gauthorpp,Eu.xls,ugauthorppl@msn.com
23,Valentijn,Ipsly,QuamNec.png,vipslym@acquirethisname.com
24,Ki,Pedrozzi,MattisNibh.mp3,kpedrozzin@fotki.com
25,Dominick,Rawll,QuisquePorta.avi,drawllo@cnn.com
26,Dennie,Rey,Posuere.png,dreyp@behance.net
27,Ronni,Fullerton,IpsumPrimis.mov,rfullertonq@ft.com
28,Phillipp,Mattisssen,Ante.xls,pmattisssenr@nasa.gov
29,Aili,Sutter,NullaUltricesAliquet.jpeg,asutters@ehow.com
30,Vail,Dombrell,Nam.avi,vdombrellt@economist.com
31,Nora,Kelway,IdNullaUltrices.jpeg,nkelwayu@pen.io
32,Del,Gowan,Ullamcorper.xls,dgowanv@zdnet.com
33,Davin,Celiz,Mauris.ppt,dcelizw@tmall.com
34,Catina,Glitherow,Luctus.avi,cglitherowx@networksolutions.com
35,Lonee,Silburn,UltricesMattisOdio.txt,lsilburny@a8.net
36,Israel,Malkie,InConsequatUt.gif,imalkiez@buzzfeed.com
37,Lind,O'Dare,MassaQuisAugue.pdf,lodare10@dedecms.com
38,Libby,Minchin,RisusSemperPorta.ppt,lminchin11@infoseek.co.jp
39,Daisie,Stonebanks,NullaSuscipitLigula.ppt,dstonebanks12@examiner.com
40,Harper,Basnall,Nullam.ppt,hbasnall13@wordpress.org
41,Adriane,Sainsbury,SitAmet.tiff,asainsbury14@123-reg.co.uk
42,Gaylord,Spittal,OrnareImperdiet.mp3,gspittal15@mozilla.org
43,Kevyn,Ascroft,Consequat.xls,kascroft16@jimdo.com
44,Karlen,Priddle,Nulla.mp3,kpriddle17@google.com.hk
45,Yvor,Legendre,Odio.mp3,ylegendre18@ifeng.com
46,Giralda,Gadman,CurabiturConvallisDuis.tiff,ggadman19@xrea.com
47,Casar,Swenson,Elementum.ppt,cswenson1a@nps.gov
48,Meriel,Leach,Ultrices.xls,mleach1b@paypal.com
49,Kirstin,Bilbery,Iaculis.mp3,kbilbery1c@tripod.com
50,Renaldo,Tattam,LiberoRutrum.mpeg,rtattam1d@csmonitor.com
51,Claiborn,Twidell,Mi.ppt,ctwidell1e@angelfire.com
52,Friederike,Mallatratt,EstQuam.avi,fmallatratt1f@furl.net
53,Ronnica,Danilchik,ElementumIn.avi,rdanilchik1g@cocolog-nifty.com
54,Katharine,Gratton,NisiVolutpat.avi,kgratton1h@aboutads.info
55,Velma,Daws,BibendumMorbiNon.xls,vdaws1i@bravesites.com
56,Fanni,Whitfeld,FaucibusCursusUrna.avi,fwhitfeld1j@plala.or.jp
57,Gus,Prydden,ElementumInHac.ppt,gprydden1k@reference.com
58,Sarah,Janous,AugueVestibulumRutrum.ppt,sjanous1l@prweb.com
59,Christian,Stollberger,Mauris.xls,cstollberger1m@amazonaws.com
60,Olivier,Bassham,CurabiturConvallisDuis.ppt,obassham1n@bizjournals.com
61,Regine,Ladlow,AOdioIn.avi,rladlow1o@skype.com
62,Calvin,South,Dui.ppt,csouth1p@discuz.net
63,Kass,Lasseter,LoremIpsumDolor.xls,klasseter1q@ow.ly
64,Karia,Colthard,Dui.mpeg,kcolthard1r@wired.com
65,Elbert,MacMaykin,AnteNulla.tiff,emacmaykin1s@desdev.cn
66,Fan,Newbury,In.avi,fnewbury1t@auda.org.au
67,Iver,Uzielli,LoremVitae.jpeg,iuzielli1u@networkadvertising.org
68,Irwin,Djurdjevic,ConvallisDuisConsequat.mp3,idjurdjevic1v@bravesites.com
69,Reg,Serot,Adipiscing.mp3,rserot1w@umn.edu
70,Any,Voff,Velit.gif,avoff1x@myspace.com
71,Pennie,Powdrill,Mattis.mpeg,ppowdrill1y@cpanel.net
72,Cedric,Langstone,UtNulla.mp3,clangstone1z@pinterest.com
73,Courtney,Hickisson,SedInterdum.xls,chickisson20@amazon.com
74,Korella,Hobbert,A.ppt,khobbert21@independent.co.uk
75,Xylina,Haselhurst,SagittisSapienCum.mp3,xhaselhurst22@statcounter.com
76,Liza,Flarity,MorbiUt.tiff,lflarity23@irs.gov
77,Alfredo,Hepher,VelitDonec.avi,ahepher24@telegraph.co.uk
78,Mike,Akker,SociisNatoque.doc,makker25@dmoz.org
79,Francyne,Madgin,NamTristique.jpeg,fmadgin26@furl.net
80,Brynne,Thunder,PedeJustoLacinia.doc,bthunder27@edublogs.org
81,Jephthah,McLaren,Nec.png,jmclaren28@hibu.com
82,Dolli,Houseago,IpsumDolorSit.avi,dhouseago29@moonfruit.com
83,Darrell,Yurevich,EgetElit.xls,dyurevich2a@spiegel.de
84,Worthington,Gilhooley,OdioCrasMi.mov,wgilhooley2b@microsoft.com
85,Carlen,Hendrichs,MaurisVulputate.gif,chendrichs2c@nydailynews.com
86,Hollyanne,Pester,Eget.tiff,hpester2d@123-reg.co.uk
87,Timmy,Baden,AliquetUltrices.tiff,tbaden2e@hatena.ne.jp
88,Fionna,Huitson,Eleifend.xls,fhuitson2f@dmoz.org
89,Marieann,Proschek,PosuereCubiliaCurae.txt,mproschek2g@tinypic.com
90,Zabrina,Antram,SedAugueAliquam.mp3,zantram2h@whitehouse.gov
91,Merilee,Salthouse,A.ppt,msalthouse2i@cbc.ca
92,Jefferey,Barten,InBlanditUltrices.mp3,jbarten2j@pbs.org
93,Felicdad,Audrey,Ultrices.xls,faudrey2k@microsoft.com
94,Brittaney,Lorentzen,Convallis.mpeg,blorentzen2l@gov.uk
95,Cobbie,Hotton,TurpisElementum.xls,chotton2m@odnoklassniki.ru
96,Royal,Bullion,CursusUrna.doc,rbullion2n@state.tx.us
97,Katee,Kilcoyne,Sapien.doc,kkilcoyne2o@multiply.com
98,Aubrey,Gedney,Ultrices.avi,agedney2p@tripod.com
99,Earvin,Spedroni,APede.tiff,espedroni2q@gnu.org
100,Kaine,Sapseed,VolutpatSapien.avi,ksapseed2r@vinaora.com
101,Emylee,Vinsen,ScelerisqueQuamTurpis.pdf,evinsen2s@dot.gov
102,Arvy,Cotsford,QuisTurpisEget.mp3,acotsford2t@slashdot.org
103,Zolly,Scottesmoor,Nibh.doc,zscottesmoor2u@techcrunch.com
104,Suzie,Shillaber,EuMagnaVulputate.xls,sshillaber2v@cdc.gov
105,Kaylee,Chetwynd,Nulla.mov,kchetwynd2w@live.com
106,Shalom,Ackland,Id.gif,sackland2x@eepurl.com
107,Jandy,Swane,GravidaSemPraesent.avi,jswane2y@telegraph.co.uk
108,Susan,Ramel,OrciLuctus.xls,sramel2z@dell.com
109,Sheff,Charlwood,Lobortis.tiff,scharlwood30@si.edu
110,Vladamir,Hillaby,FusceConsequatNulla.tiff,vhillaby31@cocolog-nifty.com
111,Codee,Huster,IdLobortis.tiff,chuster32@netvibes.com
112,Tedd,Grunnill,PlateaDictumst.xls,tgrunnill33@google.com.hk
113,Bari,Feldberg,Cubilia.ppt,bfeldberg34@auda.org.au
114,Gertrudis,Agus,EratVolutpatIn.tiff,gagus35@multiply.com
115,Elden,Mishaw,VestibulumQuamSapien.mov,emishaw36@blogtalkradio.com
116,Lavina,Littlejohn,DolorSitAmet.pdf,llittlejohn37@bloglines.com
117,Stephanus,Osban,ConsectetuerEgetRutrum.avi,sosban38@ft.com
118,Chiquia,Solleme,EtiamPretiumIaculis.ppt,csolleme39@zdnet.com
119,Terza,Berfoot,HacHabitasse.xls,tberfoot3a@biglobe.ne.jp
120,Violetta,Barbe,CondimentumId.xls,vbarbe3b@si.edu
121,Burtie,Sagar,Aliquet.mp3,bsagar3c@abc.net.au
122,Lira,Covely,DolorVelEst.ppt,lcovely3d@opera.com
123,Steffane,Stiven,NamTristiqueTortor.mpeg,sstiven3e@seattletimes.com
124,Alvira,Caren,SollicitudinUt.ppt,acaren3f@sohu.com
125,Dolph,Gretton,QuamTurpis.tiff,dgretton3g@ucoz.com
126,Arleyne,Riddlesden,Sagittis.xls,ariddlesden3h@google.cn
127,Klaus,Cullotey,Duis.avi,kcullotey3i@netvibes.com
128,Alane,Blitzer,CuraeDuis.ppt,ablitzer3j@lulu.com
129,Moria,Gosenell,InFaucibusOrci.mp3,mgosenell3k@dagondesign.com
130,Eachelle,Raeburn,PortaVolutpat.avi,eraeburn3l@wisc.edu
131,Adriana,Douthwaite,Parturient.ppt,adouthwaite3m@tinyurl.com
132,Truda,Shreeves,PedeMorbiPorttitor.mp3,tshreeves3n@ovh.net
133,Glenden,Gianninotti,EleifendPedeLibero.ppt,ggianninotti3o@yale.edu
134,Cherie,Matzke,InHacHabitasse.gif,cmatzke3p@nyu.edu
135,Aldis,Churchin,UltricesEnimLorem.xls,achurchin3q@instagram.com
136,Xena,Swynley,VelPedeMorbi.tiff,xswynley3r@adobe.com
137,Elfreda,Scullion,Ut.pdf,escullion3s@php.net
138,Dorice,Fitzhenry,Orci.xls,dfitzhenry3t@opensource.org
139,Sydel,Jedrzejewski,Ligula.xls,sjedrzejewski3u@netvibes.com
140,Inez,Cicchetto,UltricesPosuere.tiff,icicchetto3v@usgs.gov
141,Mickey,Short,AtNulla.mp3,mshort3w@uol.com.br
142,Hestia,Karchewski,In.xls,hkarchewski3x@cisco.com
143,Alexis,Udey,MorbiQuisTortor.xls,audey3y@ustream.tv
144,Darill,Belasco,MaurisEgetMassa.mp3,dbelasco3z@rakuten.co.jp
145,Phyllis,Moody,AmetErat.jpeg,pmoody40@google.pl
146,Dotty,Mattei,NullaSedAccumsan.jpeg,dmattei41@go.com
147,Susette,Clissell,LoremInteger.xls,sclissell42@elegantthemes.com
148,Bellanca,Evangelinos,Morbi.tiff,bevangelinos43@yahoo.com
149,Rabbi,Wayne,NamTristiqueTortor.txt,rwayne44@exblog.jp
150,Salomo,Yarr,Sit.tiff,syarr45@nymag.com
151,Aurthur,Saile,AtDiamNam.mpeg,asaile46@prlog.org
152,Clementine,Noseworthy,CubiliaCuraeDonec.mp3,cnoseworthy47@statcounter.com
153,Jamie,Friary,ErosSuspendisseAccumsan.gif,jfriary48@networkadvertising.org
154,Carilyn,Benson,Congue.mp3,cbenson49@github.io
155,Pierette,Isakowicz,Volutpat.jpeg,pisakowicz4a@fastcompany.com
156,Kimball,Bunker,AtFeugiatNon.ppt,kbunker4b@biblegateway.com
157,Thacher,Halloran,VariusUtBlandit.ppt,thalloran4c@redcross.org
158,Malvin,D'Antoni,OrciLuctusEt.jpeg,mdantoni4d@upenn.edu
159,Eamon,Stickley,InFaucibusOrci.avi,estickley4e@nih.gov
160,Sukey,Alti,TortorSollicitudinMi.xls,salti4f@mtv.com
161,Lisha,Thody,Tincidunt.ppt,lthody4g@tripod.com
162,Lorettalorna,Stanborough,ConvallisDuis.mp3,lstanborough4h@sphinn.com
163,Clemmie,Tiltman,In.mp3,ctiltman4i@hp.com
164,Winnie,Sigars,NislNuncRhoncus.avi,wsigars4j@mashable.com
165,Raquela,Linacre,PrimisInFaucibus.avi,rlinacre4k@google.nl
166,Boycey,Lafoy,VivamusIn.xls,blafoy4l@sphinn.com
167,Thomasine,Trenfield,Diam.mov,ttrenfield4m@liveinternet.ru
168,Laurette,Eagle,Malesuada.pdf,leagle4n@theglobeandmail.com
169,Willie,Dreinan,Integer.avi,wdreinan4o@imageshack.us
170,Moshe,Veazey,MolestieHendrerit.tiff,mveazey4p@comsenz.com
171,Vicky,Spyby,LoremVitae.avi,vspyby4q@irs.gov
172,Fredek,Barff,MaurisEgetMassa.jpeg,fbarff4r@ihg.com
173,Burr,Dimitriades,MassaVolutpatConvallis.pdf,bdimitriades4s@dion.ne.jp
174,Eduardo,Butt Gow,EnimBlanditMi.mp3,ebuttgow4t@e-recht24.de
175,Malinda,Sporner,NamCongue.avi,msporner4u@histats.com
176,Gerianne,Perott,InConsequat.png,gperott4v@macromedia.com
177,Gabbie,Armiger,EtiamFaucibusCursus.gif,garmiger4w@blog.com
178,Katee,Chesshire,UtTellusNulla.ppt,kchesshire4x@desdev.cn
179,Geno,Scole,LaciniaEratVestibulum.avi,gscole4y@cpanel.net
180,Madel,Roden,BlanditNon.txt,mroden4z@edublogs.org
181,Dyane,Birds,RutrumNulla.avi,dbirds50@hugedomains.com
182,Alasdair,Want,UtDolorMorbi.mp3,awant51@comcast.net
183,Alic,Keinrat,Diam.jpeg,akeinrat52@purevolume.com
184,Rosemarie,Jouhandeau,NuncProin.mp3,rjouhandeau53@thetimes.co.uk
185,Avie,Simonini,ConsectetuerAdipiscing.xls,asimonini54@google.com.au
186,Carlye,Brettelle,NamUltricesLibero.mov,cbrettelle55@i2i.jp
187,Marlee,Busk,Ipsum.xls,mbusk56@parallels.com
188,Mareah,Wards,AcLeoPellentesque.doc,mwards57@delicious.com
189,Lark,Dorot,Vestibulum.png,ldorot58@fema.gov
190,Garnet,Dutson,AliquamSit.avi,gdutson59@tripadvisor.com
191,Rodge,Garford,Pellentesque.avi,rgarford5a@deviantart.com
192,Debora,Jozefowicz,NibhQuisque.mp3,djozefowicz5b@state.gov
193,Craig,Banasik,IdJusto.ppt,cbanasik5c@gizmodo.com
194,Lennard,Stigers,Eget.avi,lstigers5d@wufoo.com
195,Andy,Dorran,EstRisus.png,adorran5e@wix.com
196,Stepha,Conen,RidiculusMus.avi,sconen5f@360.cn
197,Clevey,Linnock,NisiVolutpatEleifend.mp3,clinnock5g@cmu.edu
198,Valery,Gobat,Felis.avi,vgobat5h@ehow.com
199,Lydon,Percifull,CongueVivamus.mpeg,lpercifull5i@facebook.com
200,Gwendolyn,Southwick,Et.avi,gsouthwick5j@lycos.com
201,Rocky,Trosdall,Pharetra.avi,rtrosdall5k@prnewswire.com
202,Lainey,Maud,DictumstAliquam.png,lmaud5l@thetimes.co.uk
203,Filbert,Wyrall,Nulla.ppt,fwyrall5m@webnode.com
204,Wadsworth,Rides,JustoEtiamPretium.mp3,wrides5n@newyorker.com
205,Ronnica,Troy,Nisl.mp3,rtroy5o@vinaora.com
206,Reg,Devaney,Sapien.avi,rdevaney5p@dailymotion.com
207,Marquita,Dearsley,IdLobortisConvallis.avi,mdearsley5q@who.int
208,Uta,McCrillis,MagnaVestibulumAliquet.png,umccrillis5r@japanpost.jp
209,Augustine,Birtwell,Suspendisse.mov,abirtwell5s@prlog.org
210,Cairistiona,Ferriere,Nulla.tiff,cferriere5t@phpbb.com
211,Krystle,Abrahmer,MorbiPorttitorLorem.pdf,kabrahmer5u@rakuten.co.jp
212,Teddie,Boddymead,IpsumAliquamNon.txt,tboddymead5v@globo.com
213,Sheffield,Olliffe,SagittisSapien.ppt,solliffe5w@google.com.hk
214,Jessee,Guly,InHacHabitasse.gif,jguly5x@kickstarter.com
215,Antoinette,Mapstone,VestibulumEget.xls,amapstone5y@alexa.com
216,Zola,Boolsen,ScelerisqueMauris.avi,zboolsen5z@sciencedirect.com
217,Susy,Toppin,VestibulumAnte.xls,stoppin60@creativecommons.org
218,Wilmar,Poytress,UtMauris.mpeg,wpoytress61@symantec.com
219,Donall,Krochmann,Morbi.mpeg,dkrochmann62@theglobeandmail.com
220,Colette,Bolesworth,AtLorem.ppt,cbolesworth63@sina.com.cn
221,Marillin,Hanhard,LiberoConvallis.ppt,mhanhard64@google.de
222,Emogene,Brockwell,SemperInterdumMauris.jpeg,ebrockwell65@engadget.com
223,Cherianne,Chooter,DictumstAliquamAugue.avi,cchooter66@altervista.org
224,Maurice,Viney,Proin.mp3,mviney67@npr.org
225,Antonie,Pavitt,EtMagnisDis.png,apavitt68@macromedia.com
226,Hattie,Gowrie,DonecDapibus.avi,hgowrie69@disqus.com
227,Vevay,Saldler,EstRisusAuctor.mpeg,vsaldler6a@telegraph.co.uk
228,Siffre,Hammerberg,UltricesEnim.avi,shammerberg6b@huffingtonpost.com
229,Rik,Cobb,AmetEros.jpeg,rcobb6c@yale.edu
230,Neils,Tebbitt,NibhQuisqueId.ppt,ntebbitt6d@engadget.com
231,Lennie,Schreurs,Accumsan.txt,lschreurs6e@ucla.edu
232,Maurizia,Gaitley,EratId.tiff,mgaitley6f@vistaprint.com
233,Theobald,Hartridge,NequeVestibulumEget.jpeg,thartridge6g@chron.com
234,Abbott,Malyan,PellentesqueQuisquePorta.xls,amalyan6h@ow.ly
235,Cathy,Autry,DuiLuctusRutrum.gif,cautry6i@discovery.com
236,Rachelle,Kupker,Ut.mpeg,rkupker6j@tripod.com
237,Carry,Demsey,MiInPorttitor.mpeg,cdemsey6k@exblog.jp
238,Brett,Island,Venenatis.mov,bisland6l@flickr.com
239,Florentia,Burkinshaw,AugueASuscipit.ppt,fburkinshaw6m@nifty.com
240,Duff,Simonian,MorbiNon.xls,dsimonian6n@hostgator.com
241,Lexi,Burchill,SapienUrna.jpeg,lburchill6o@wikispaces.com
242,Rhetta,Crips,Sapien.mpeg,rcrips6p@thetimes.co.uk
243,Harry,Boice,InQuis.mp3,hboice6q@moonfruit.com
244,Lanae,Woolforde,EtUltricesPosuere.avi,lwoolforde6r@google.fr
245,Lisha,Arrol,SapienPlacerat.avi,larrol6s@tripod.com
246,Reider,Stilliard,SollicitudinVitae.xls,rstilliard6t@cbslocal.com
247,Madelon,Mucillo,Est.xls,mmucillo6u@soundcloud.com
248,Addia,Keavy,Molestie.ppt,akeavy6v@microsoft.com
249,Keane,Petrello,DolorMorbiVel.avi,kpetrello6w@t.co
250,Mella,Johnsson,QuamA.tiff,mjohnsson6x@google.com.hk
251,Beale,Tripney,AliquetUltricesErat.avi,btripney6y@dyndns.org
252,Mohandis,Greenrodd,Sed.avi,mgreenrodd6z@mozilla.org
253,Gard,Guppy,UtRhoncus.ppt,gguppy70@lulu.com
254,Morey,Andri,MaurisEnim.mp3,mandri71@squarespace.com
255,Raquel,O'Doherty,NecEuismodScelerisque.mov,rodoherty72@usatoday.com
256,Ileana,Challes,DictumstMaecenas.doc,ichalles73@goo.ne.jp
257,Tricia,Gatecliff,NullamPorttitorLacus.xls,tgatecliff74@hostgator.com
258,Page,Gadney,Donec.tiff,pgadney75@shop-pro.jp
259,Barty,Knight,EuMagnaVulputate.xls,bknight76@ezinearticles.com
260,Kelwin,Ricold,NullaElitAc.jpeg,kricold77@vk.com
261,Garvey,Gorler,DiamVitaeQuam.xls,ggorler78@squidoo.com
262,Mathian,Emmert,CubiliaCuraeDuis.xls,memmert79@woothemes.com
263,Frederick,Gyrgorwicx,Aliquet.tiff,fgyrgorwicx7a@uiuc.edu
264,Camille,Boyne,Sapien.mpeg,cboyne7b@t-online.de
265,Jeramey,Click,MassaQuisAugue.jpeg,jclick7c@tripadvisor.com
266,Jesselyn,Raywood,FuscePosuereFelis.gif,jraywood7d@imageshack.us
267,Hillie,Dunning,UltricesPosuere.mp3,hdunning7e@discovery.com
268,Ava,Turley,EnimSit.mp3,aturley7f@techcrunch.com
269,Enos,Linsley,EstCongueElementum.mp3,elinsley7g@mapquest.com
270,Hurlee,Siburn,Volutpat.mp3,hsiburn7h@yellowbook.com
271,Alan,Toppin,QuisTurpis.png,atoppin7i@paypal.com
272,Wake,Phillpotts,JustoLaciniaEget.png,wphillpotts7j@yelp.com
273,Tabbitha,Clementson,InLectusPellentesque.xls,tclementson7k@shutterfly.com
274,Hedwiga,Bubeer,RutrumNeque.mov,hbubeer7l@fastcompany.com
275,Karyl,Martyntsev,PotentiNullam.pdf,kmartyntsev7m@aol.com
276,Zia,Grundell,BlanditNam.tiff,zgrundell7n@reuters.com
277,Shanda,Latus,EstCongueElementum.xls,slatus7o@epa.gov
278,Windham,Klimke,AliquamAugue.gif,wklimke7p@quantcast.com
279,Phineas,Bilson,In.ppt,pbilson7q@flickr.com
280,Colby,Harvett,QuisAugueLuctus.ppt,charvett7r@plala.or.jp
281,Sissy,Hourihan,ScelerisqueQuamTurpis.mp3,shourihan7s@technorati.com
282,Mercedes,Cawte,DuisBibendum.xls,mcawte7t@liveinternet.ru
283,Codie,Elnor,VolutpatEleifend.txt,celnor7u@geocities.jp
284,Melvyn,McLeish,Iaculis.txt,mmcleish7v@themeforest.net
285,Byran,Snelling,VulputateVitaeNisl.ppt,bsnelling7w@freewebs.com
286,Nanete,Zarfat,Lacus.gif,nzarfat7x@yale.edu
287,Louisa,McAster,Donec.xls,lmcaster7y@reuters.com
288,Jennifer,Weaving,Vestibulum.mp3,jweaving7z@wordpress.com
289,Angie,Goodings,SedNislNunc.xls,agoodings80@taobao.com
290,Natalya,Bertomieu,VariusNullaFacilisi.jpeg,nbertomieu81@t-online.de
291,Derick,Pimme,SapienCursus.mp3,dpimme82@purevolume.com
292,Tabina,Surman,ElementumLigulaVehicula.mp3,tsurman83@ocn.ne.jp
293,Emmie,Doudney,InSagittisDui.tiff,edoudney84@miibeian.gov.cn
294,Rhodia,De la Harpe,VolutpatEleifendDonec.ppt,rdelaharpe85@linkedin.com
295,Cindy,Wicks,IntegerAc.gif,cwicks86@zimbio.com
296,Glen,Strangwood,QuisLectus.txt,gstrangwood87@ucla.edu
297,Noble,Mingame,AnteIpsum.tiff,nmingame88@bbb.org
298,Alan,Henighan,AmetNullaQuisque.avi,ahenighan89@ow.ly
299,Marisa,Lankester,Sed.mp3,mlankester8a@free.fr
300,Marisa,Knatt,Leo.jpeg,mknatt8b@opera.com
301,Tiffi,Dearing,FelisUt.mp3,tdearing8c@symantec.com
302,Sherilyn,Roscam,Sed.xls,sroscam8d@google.ca
303,Lissi,Rabat,SapienA.pdf,lrabat8e@seesaa.net
304,Galen,Duplain,SapienInSapien.mov,gduplain8f@columbia.edu
305,Llywellyn,Laxton,AcEnim.avi,llaxton8g@wisc.edu
306,Lorette,Severns,Sapien.png,lseverns8h@etsy.com
307,Betty,Chaimson,ScelerisqueQuam.avi,bchaimson8i@hatena.ne.jp
308,Ashia,Christophe,LaciniaErat.ppt,achristophe8j@purevolume.com
309,Junette,Hudspith,CrasMi.png,jhudspith8k@mediafire.com
310,Simonette,Croasdale,InterdumVenenatisTurpis.jpeg,scroasdale8l@hatena.ne.jp
311,Harley,Pimlock,AmetEleifend.avi,hpimlock8m@google.ru
312,Lizette,McCuthais,Pede.mp3,lmccuthais8n@bravesites.com
313,Gertrudis,Shakle,UtVolutpat.gif,gshakle8o@apple.com
314,Celinka,Cavan,NamCongue.mp3,ccavan8p@twitter.com
315,Charissa,Bangham,ConsectetuerEgetRutrum.pdf,cbangham8q@ycombinator.com
316,Chandra,Upfold,NonSodalesSed.mp3,cupfold8r@cloudflare.com
317,Elysee,Delahunty,SitAmet.jpeg,edelahunty8s@oaic.gov.au
318,Sylvia,Bloxsum,QuisTurpisSed.pdf,sbloxsum8t@google.es
319,Zerk,O' Reagan,FusceLacusPurus.ppt,zoreagan8u@sina.com.cn
320,Winne,Coulbeck,IpsumPraesentBlandit.avi,wcoulbeck8v@cnbc.com
321,Juanita,Haynesford,MaecenasRhoncusAliquam.avi,jhaynesford8w@merriam-webster.com
322,Tiebold,Salway,SedSagittisNam.png,tsalway8x@buzzfeed.com
323,Joanie,Boik,Quisque.ppt,jboik8y@gov.uk
324,Lorin,Eversfield,InEleifend.xls,leversfield8z@aol.com
325,Monica,Michieli,NullaPedeUllamcorper.tiff,mmichieli90@linkedin.com
326,Odele,Cansdell,IdMassa.mpeg,ocansdell91@slate.com
327,Claudia,Rodolphe,NonVelit.xls,crodolphe92@dagondesign.com
328,Frederigo,Adenet,AeneanAuctorGravida.avi,fadenet93@unicef.org
329,Melesa,Staden,IntegerTinciduntAnte.txt,mstaden94@alexa.com
330,Sandro,Crossan,Ut.mp3,scrossan95@discovery.com
331,Mellisa,McCoughan,MassaId.tiff,mmccoughan96@pbs.org
332,Francine,Bacchus,ProinEuMi.mp3,fbacchus97@hibu.com
333,Kathy,Naire,LiberoRutrum.xls,knaire98@nps.gov
334,Rupert,Seivertsen,AtVulputate.jpeg,rseivertsen99@google.com.au
335,Wayland,Camilletti,UtBlandit.jpeg,wcamilletti9a@china.com.cn
336,Garvy,Scallon,SodalesScelerisqueMauris.ppt,gscallon9b@godaddy.com
337,Claudelle,Hornung,Libero.avi,chornung9c@hubpages.com
338,Carlynn,Glassman,Vel.avi,cglassman9d@earthlink.net
339,Selie,Robion,EgetRutrum.doc,srobion9e@flavors.me
340,Gordie,Konzelmann,PraesentBlandit.xls,gkonzelmann9f@paginegialle.it
341,Greg,Tiuit,JustoIn.avi,gtiuit9g@taobao.com
342,Shadow,Rolinson,IpsumPrimis.mpeg,srolinson9h@ycombinator.com
343,Blanche,Kike,FusceLacus.avi,bkike9i@flavors.me
344,Ophelie,Buist,DisParturientMontes.xls,obuist9j@deviantart.com
345,Stinky,Sancias,LuctusTinciduntNulla.ppt,ssancias9k@mozilla.org
346,Marge,Battye,SagittisDui.mp3,mbattye9l@people.com.cn
347,Wilbur,Elfleet,MattisNibh.mp3,welfleet9m@tmall.com
348,Lil,MacGregor,VelitDonecDiam.mp3,lmacgregor9n@marketwatch.com
349,Kata,Eddins,NonummyMaecenasTincidunt.xls,keddins9o@tinyurl.com
350,Oralee,Coggin,PedeMalesuada.xls,ocoggin9p@usgs.gov
351,Hasheem,O'Finan,Odio.png,hofinan9q@drupal.org
352,Luther,Uc,MusEtiam.avi,luc9r@army.mil
353,Rorke,Vescovo,Diam.xls,rvescovo9s@spotify.com
354,Mireielle,Guidelli,SitAmet.ppt,mguidelli9t@usnews.com
355,Natassia,Croote,TemporTurpisNec.avi,ncroote9u@mozilla.org
356,Parke,Grunwall,PlateaDictumstMorbi.ppt,pgrunwall9v@stanford.edu
357,Basil,Lillywhite,AnteVel.tiff,blillywhite9w@amazon.co.uk
358,Laetitia,Mabone,SuscipitNulla.avi,lmabone9x@dailymail.co.uk
359,Morrie,Davidson,Id.txt,mdavidson9y@chronoengine.com
360,Steven,Killock,PedeUllamcorper.ppt,skillock9z@tmall.com
361,Sidoney,Bauchop,RhoncusAliquet.jpeg,sbauchopa0@cafepress.com
362,Mike,Avison,LectusInQuam.avi,mavisona1@addtoany.com
363,Nicola,Garn,QuamNecDui.ppt,ngarna2@ezinearticles.com
364,Anatol,Morton,PedeJusto.tiff,amortona3@marriott.com
365,Bevvy,O'Callaghan,NisiAt.tiff,bocallaghana4@narod.ru
366,Kimble,Studdard,EuMiNulla.mp3,kstuddarda5@census.gov
367,Tedi,Izzett,SitAmetConsectetuer.mp3,tizzetta6@alibaba.com
368,Quinton,Weedenburg,Congue.xls,qweedenburga7@symantec.com
369,Uri,Dimitresco,NonQuamNec.mp3,udimitrescoa8@symantec.com
370,Ralph,Farrah,Congue.pdf,rfarraha9@apple.com
371,Derry,Iaduccelli,CubiliaCurae.mov,diaduccelliaa@cargocollective.com
372,Ruddie,Mewton,MorbiUt.mp3,rmewtonab@umich.edu
373,Casie,Titcomb,APede.ppt,ctitcombac@nymag.com
374,Rodolph,Pilling,ViverraDiam.pdf,rpillingad@sitemeter.com
375,Jacynth,Spikeings,Pellentesque.avi,jspikeingsae@tinyurl.com
376,Sylvan,Jervois,Etiam.tiff,sjervoisaf@furl.net
377,Adele,Perrycost,SollicitudinVitaeConsectetuer.pdf,aperrycostag@kickstarter.com
378,Karolina,Humpherston,Ullamcorper.mp3,khumpherstonah@google.it
379,Audy,Morehall,NecMolestie.avi,amorehallai@bloglines.com
380,Hugh,Edington,InBlandit.avi,hedingtonaj@nydailynews.com
381,Prince,Sowle,Rutrum.gif,psowleak@soup.io
382,Jarrett,Spikings,CongueRisusSemper.avi,jspikingsal@vinaora.com
383,Barbee,Bellord,MorbiA.mp3,bbellordam@house.gov
384,Dawn,Gladstone,JustoMorbiUt.xls,dgladstonean@reuters.com
385,Marleah,Burkman,Vitae.mp3,mburkmanao@live.com
386,Lorrie,Deddum,AeneanLectusPellentesque.txt,ldeddumap@pinterest.com
387,Lion,Coggins,QuamSapien.xls,lcogginsaq@va.gov
388,Max,D'Souza,VolutpatQuam.jpeg,mdsouzaar@prweb.com
389,Kippie,Dellenbrook,NequeSapien.ppt,kdellenbrookas@constantcontact.com
390,Fielding,Grafton,Non.avi,fgraftonat@cyberchimps.com
391,Lea,Iacovone,InQuam.xls,liacovoneau@uiuc.edu
392,Henrieta,Itzakovitz,DuisBibendum.txt,hitzakovitzav@qq.com
393,Morry,Lear,AmetEleifend.avi,mlearaw@dropbox.com
394,Bevan,Quidenham,SagittisNam.jpeg,bquidenhamax@newsvine.com
395,Gavrielle,Daout,Est.xls,gdaoutay@sciencedaily.com
396,Constancia,Burnapp,PedeLobortis.mp3,cburnappaz@hibu.com
397,Martina,Gulston,MagnaBibendumImperdiet.mp3,mgulstonb0@timesonline.co.uk
398,Desdemona,Strickler,AcEnimIn.xls,dstricklerb1@smugmug.com
399,Sutton,Eles,Nunc.mp3,selesb2@163.com
400,Jacinta,Janus,MaurisNon.mp3,jjanusb3@cloudflare.com
401,Sharona,McKerlie,Sagittis.jpeg,smckerlieb4@surveymonkey.com
402,Hana,Wiles,SedAnte.mpeg,hwilesb5@networksolutions.com
403,Amara,Caspell,Nec.png,acaspellb6@google.com.br
404,Louisette,Foggo,SociisNatoque.gif,lfoggob7@odnoklassniki.ru
405,Syd,Lumbers,Eu.mp3,slumbersb8@naver.com
406,Dorisa,Billam,PellentesqueAtNulla.ppt,dbillamb9@addtoany.com
407,Arty,Brookton,Posuere.jpeg,abrooktonba@delicious.com
408,Maximilien,Trevena,AmetNulla.xls,mtrevenabb@i2i.jp
409,Amalie,Jenkison,Duis.xls,ajenkisonbc@businessweek.com
410,Lesly,Huggon,ElementumIn.xls,lhuggonbd@google.pl
411,Annecorinne,Reimer,SapienDignissim.avi,areimerbe@cbsnews.com
412,Fraser,Clift,Sapien.xls,fcliftbf@seesaa.net
413,Northrup,Duiguid,ConvallisNuncProin.mp3,nduiguidbg@epa.gov
414,Lorrie,Rosenstiel,Pede.png,lrosenstielbh@miitbeian.gov.cn
415,Caz,Hartless,Id.mpeg,chartlessbi@pbs.org
416,Magnum,Realph,SapienCumSociis.mpeg,mrealphbj@ebay.co.uk
417,Helyn,De Michele,Pretium.xls,hdemichelebk@marketwatch.com
418,Nils,Clementson,Egestas.xls,nclementsonbl@netlog.com
419,Harmony,Batcheldor,NonMaurisMorbi.xls,hbatcheldorbm@delicious.com
420,Becky,Balmer,Elementum.doc,bbalmerbn@imgur.com
421,Brett,Mcasparan,Ornare.ppt,bmcasparanbo@tiny.cc
422,Dawn,Ahrenius,TinciduntNullaMollis.mp3,dahreniusbp@hatena.ne.jp
423,Anabal,Kincla,PulvinarLobortis.txt,akinclabq@sitemeter.com
424,Alaric,Mattedi,Elementum.gif,amattedibr@si.edu
425,Morton,Redmond,SapienCumSociis.jpeg,mredmondbs@spiegel.de
426,Myrwyn,Jose,PosuereNonummy.tiff,mjosebt@hugedomains.com
427,Trisha,Mathan,MorbiAIpsum.doc,tmathanbu@springer.com
428,Ivy,Agron,PraesentBlanditNam.mpeg,iagronbv@zdnet.com
429,Yolane,Lohde,PorttitorPedeJusto.tiff,ylohdebw@imdb.com
430,Barry,McPake,EratQuisque.doc,bmcpakebx@kickstarter.com
431,Rudiger,Bradshaw,InFaucibusOrci.tiff,rbradshawby@theglobeandmail.com
432,Beckie,York,DiamIn.avi,byorkbz@pen.io
433,Brendan,Coldbathe,MetusAenean.avi,bcoldbathec0@sourceforge.net
434,Isidore,Goddman,Massa.avi,igoddmanc1@elpais.com
435,Tailor,McCorkell,SollicitudinMiSit.ppt,tmccorkellc2@reuters.com
436,Fabio,Ponton,BibendumMorbiNon.pdf,fpontonc3@blinklist.com
437,Joanie,Jakeman,RisusPraesentLectus.avi,jjakemanc4@amazon.co.uk
438,Jen,Pietrasik,Enim.jpeg,jpietrasikc5@addtoany.com
439,Eadith,Bockin,HabitassePlateaDictumst.txt,ebockinc6@jiathis.com
440,Laurette,McKeighan,NullamOrciPede.xls,lmckeighanc7@marketwatch.com
441,Clemence,Ayscough,VulputateElementumNullam.ppt,cayscoughc8@tripod.com
442,Filide,Ager,MagnaAc.ppt,fagerc9@google.co.uk
443,Cicily,Jenyns,Sapien.tiff,cjenynsca@nsw.gov.au
444,Judah,Glasspool,FelisUtAt.pdf,jglasspoolcb@sakura.ne.jp
445,Leoline,Haggata,At.mov,lhaggatacc@google.com
446,Dirk,Agneau,JustoPellentesque.mp3,dagneaucd@webmd.com
447,Xavier,Betjeman,MorbiOdio.xls,xbetjemance@wikipedia.org
448,Krysta,Tellett,Duis.ppt,ktellettcf@hugedomains.com
449,Gearard,Scoon,AugueA.jpeg,gscooncg@wikipedia.org
450,Claudius,Cutchee,SapienCursus.png,ccutcheech@tmall.com
451,Belinda,Tamblyn,RutrumAt.gif,btamblynci@npr.org
452,Cyndia,Shane,Vestibulum.avi,cshanecj@sbwire.com
453,Ly,Rennox,Leo.xls,lrennoxck@cargocollective.com
454,Leandra,Linacre,PellentesqueViverraPede.mpeg,llinacrecl@globo.com
455,Gabriel,Eddowes,IpsumIntegerA.mp3,geddowescm@ask.com
456,Eugenia,Frankcomb,Eleifend.mp3,efrankcombcn@hp.com
457,Pavel,Skea,IaculisJusto.ppt,pskeaco@jiathis.com
458,Archambault,Knivett,Nulla.xls,aknivettcp@elegantthemes.com
459,Bernette,Tolle,AtTurpisDonec.jpeg,btollecq@opensource.org
460,Grantley,Berthon,SemperSapienA.ppt,gberthoncr@hibu.com
461,Constanta,Vacher,AmetSemFusce.mp3,cvachercs@elpais.com
462,Jarad,Devonish,EgetMassa.mpeg,jdevonishct@devhub.com
463,Adham,Alstead,UtAt.mov,aalsteadcu@usgs.gov
464,Hy,Fleeman,PurusSit.mp3,hfleemancv@mlb.com
465,Arliene,Fairrie,Odio.avi,afairriecw@icio.us
466,Aaren,Llewelyn,SollicitudinVitaeConsectetuer.xls,allewelyncx@geocities.jp
467,Sutherland,Logue,Ipsum.tiff,sloguecy@skype.com
468,Caro,Ridings,AccumsanFelisUt.jpeg,cridingscz@cocolog-nifty.com
469,Kimmy,Fitzsymon,Enim.tiff,kfitzsymond0@etsy.com
470,Linn,Echelle,Elit.mp3,lechelled1@blinklist.com
471,Austine,Wetter,Curabitur.avi,awetterd2@deliciousdays.com
472,Neddie,Every,ConvallisMorbi.png,neveryd3@timesonline.co.uk
473,Randie,Ludovico,IntegerTincidunt.xls,rludovicod4@edublogs.org
474,Chery,Bointon,QuamSuspendissePotenti.ppt,cbointond5@furl.net
475,Janice,Sirette,Tincidunt.mp3,jsiretted6@youku.com
476,Regine,Chance,LoremIpsum.mp3,rchanced7@nbcnews.com
477,Letti,Pennock,AcTellusSemper.tiff,lpennockd8@com.com
478,Letty,Bladon,BibendumImperdiet.mpeg,lbladond9@wikipedia.org
479,Caralie,Beauman,Orci.ppt,cbeaumanda@yolasite.com
480,Vinnie,Hubberstey,InQuisJusto.ppt,vhubbersteydb@facebook.com
481,Ronnica,Nuzzetti,Quisque.ppt,rnuzzettidc@purevolume.com
482,Nial,Marlon,Fermentum.ppt,nmarlondd@mozilla.org
483,Selie,Felgat,SuspendisseOrnareConsequat.tiff,sfelgatde@biblegateway.com
484,Leigha,Janz,EgetMassaTempor.txt,ljanzdf@stumbleupon.com
485,Fabien,Woollons,Consectetuer.mp3,fwoollonsdg@ibm.com
486,Oneida,Rochell,PretiumIaculisJusto.tiff,orochelldh@time.com
487,Desiri,Vasyatkin,Pulvinar.ppt,dvasyatkindi@china.com.cn
488,Heda,Everist,AmetSem.xls,heveristdj@unicef.org
489,Lavinie,Novak,SemperRutrumNulla.xls,lnovakdk@github.io
490,Charlene,Gilffilland,Dui.ppt,cgilffillanddl@bbc.co.uk
491,Jean,Sneaker,ElitProinRisus.xls,jsneakerdm@etsy.com
492,Charlotte,Stitcher,AtVulputateVitae.xls,cstitcherdn@arizona.edu
493,Klemens,Ingerfield,VitaeNisl.avi,kingerfielddo@blinklist.com
494,Brittany,Willis,Nisi.xls,bwillisdp@tripod.com
495,Estrellita,Ramstead,Congue.txt,eramsteaddq@webeden.co.uk
496,Maurene,Grima,VitaeNislAenean.jpeg,mgrimadr@rakuten.co.jp
497,Joli,Weepers,NibhInQuis.ppt,jweepersds@yellowpages.com
498,Maribeth,MacCambridge,PulvinarNulla.mpeg,mmaccambridgedt@prnewswire.com
499,Ella,Jessup,ConsequatIn.mp3,ejessupdu@google.it
500,Barbra,Haborn,VelAccumsan.xls,bhaborndv@umn.edu
501,Joella,Phillput,FringillaRhoncus.png,jphillputdw@cnet.com
502,Malvin,Sellman,NullaUltricesAliquet.tiff,msellmandx@networksolutions.com
503,Peria,Dodsworth,OdioCurabiturConvallis.mov,pdodsworthdy@lulu.com
504,Mirilla,Mardall,PlaceratAnteNulla.xls,mmardalldz@nasa.gov
505,Minnie,Tillett,NecMolestie.tiff,mtillette0@wikia.com
506,Frank,Fewster,AmetConsectetuerAdipiscing.jpeg,ffewstere1@cornell.edu
507,Clarke,Catton,MusEtiamVel.mp3,ccattone2@sitemeter.com
508,Elmer,Karpeev,OdioCondimentumId.tiff,ekarpeeve3@ezinearticles.com
509,Alejandrina,Tirrell,VitaeNisl.pdf,atirrelle4@4shared.com
510,Jerrold,Brigham,Convallis.tiff,jbrighame5@ow.ly
511,Julie,Ramsbotham,Iaculis.pdf,jramsbothame6@businessweek.com
512,Babette,Francino,In.jpeg,bfrancinoe7@live.com
513,Shannan,Dinse,Nibh.pdf,sdinsee8@goodreads.com
514,Kaitlyn,Akeherst,LectusVestibulum.xls,kakeherste9@pcworld.com
515,Vergil,Jonuzi,FaucibusAccumsanOdio.mp3,vjonuziea@vimeo.com
516,Korry,Liddy,Vehicula.ppt,kliddyeb@sciencedaily.com
517,Flor,Haet,Maecenas.ppt,fhaetec@mapy.cz
518,Ruthann,Byatt,QuamSollicitudin.avi,rbyatted@blogger.com
519,Germain,LaBastida,LobortisEst.xls,glabastidaee@histats.com
520,Tiler,Bruton,AcNibh.avi,tbrutonef@live.com
521,Erinn,Leggin,InHac.txt,eleggineg@google.fr
522,Pearle,Stannus,SitAmetSapien.avi,pstannuseh@wordpress.org
523,Brina,Hinkins,AOdio.ppt,bhinkinsei@miibeian.gov.cn
524,Bab,Whyard,AmetConsectetuerAdipiscing.jpeg,bwhyardej@apple.com
525,Davidson,Skipping,NamNullaInteger.jpeg,dskippingek@apple.com
526,Mildrid,Cobbledick,NullaElitAc.pdf,mcobbledickel@soup.io
527,Deloria,Eykelbosch,Scelerisque.ppt,deykelboschem@cam.ac.uk
528,Shaylyn,Earwicker,NonSodales.mp3,searwickeren@webnode.com
529,Didi,Golly,AcLobortis.jpeg,dgollyeo@bluehost.com
530,Sheff,Baistow,IpsumAcTellus.xls,sbaistowep@linkedin.com
531,Hernando,Burkart,Luctus.mp3,hburkarteq@mit.edu
532,Iggy,Stovine,QuisOdioConsequat.ppt,istovineer@apache.org
533,Pepita,Cyphus,RhoncusMauris.ppt,pcyphuses@exblog.jp
534,Krista,Hollows,MontesNascetur.mp3,khollowset@whitehouse.gov
535,Shae,Tyer,SitAmetSapien.jpeg,styereu@disqus.com
536,Sarge,Raffin,QuisqueErat.mov,sraffinev@storify.com
537,Farley,Pierrepont,IntegerAcNeque.jpeg,fpierrepontew@boston.com
538,Hallie,Keeble,Rhoncus.xls,hkeebleex@imgur.com
539,Sada,Melmar,EgetMassaTempor.mp3,smelmarey@tripadvisor.com
540,Tomi,Licciardello,NonInterdumIn.xls,tlicciardelloez@washingtonpost.com
541,Serena,Collibear,DuisAc.mpeg,scollibearf0@github.io
542,Lorita,McCullagh,Porttitor.avi,lmccullaghf1@posterous.com
543,Randy,Crombie,Consequat.xls,rcrombief2@ocn.ne.jp
544,Kellen,Mahady,UltricesPosuereCubilia.jpeg,kmahadyf3@sciencedaily.com
545,Conan,Morpeth,TempusVelPede.mov,cmorpethf4@webeden.co.uk
546,Kris,Spurdens,Cursus.xls,kspurdensf5@ebay.com
547,Louie,Staziker,DiamIdOrnare.tiff,lstazikerf6@yahoo.co.jp
548,Leif,Thorneloe,AccumsanOdio.ppt,lthorneloef7@parallels.com
549,Heloise,Sutton,SedTristique.doc,hsuttonf8@cloudflare.com
550,Jeremiah,Hallaways,LuctusNec.mp3,jhallawaysf9@google.ca
551,Courtnay,Handley,UtErat.xls,chandleyfa@com.com
552,Vin,Gamlin,Dapibus.ppt,vgamlinfb@slashdot.org
553,Thalia,Finci,ConsequatMorbiA.mp3,tfincifc@cam.ac.uk
554,Cecil,Knoller,LacusPurus.mp3,cknollerfd@vinaora.com
555,Chico,Humburton,Ligula.ppt,chumburtonfe@topsy.com
556,Burg,Conyers,AliquamSit.avi,bconyersff@slate.com
557,Caleb,Getch,QuamFringilla.jpeg,cgetchfg@telegraph.co.uk
558,Arline,Sayward,VenenatisTurpisEnim.mov,asaywardfh@simplemachines.org
559,Brandie,Ioan,Id.ppt,bioanfi@illinois.edu
560,Winthrop,Glaisner,ElitSodales.pdf,wglaisnerfj@ted.com
561,Melvyn,Jeays,AugueQuamSollicitudin.gif,mjeaysfk@latimes.com
562,Monroe,Marcu,PenatibusEt.jpeg,mmarcufl@canalblog.com
563,Forest,Coysh,EuNibh.png,fcoyshfm@lulu.com
564,Misti,Blockwell,Curabitur.avi,mblockwellfn@flickr.com
565,Carver,Cornhill,LeoRhoncus.txt,ccornhillfo@nationalgeographic.com
566,Gregoor,Oubridge,CurabiturConvallisDuis.xls,goubridgefp@va.gov
567,Genia,McConnachie,FaucibusOrci.ppt,gmcconnachiefq@youtube.com
568,Darlleen,Ackerley,TurpisElementumLigula.avi,dackerleyfr@goo.ne.jp
569,Bessy,Mapham,InterdumInAnte.avi,bmaphamfs@shareasale.com
570,Care,Bullocke,UtVolutpat.png,cbullockeft@ezinearticles.com
571,Sonni,Geraldez,PulvinarNulla.jpeg,sgeraldezfu@ebay.com
572,Andi,Surgey,At.avi,asurgeyfv@stanford.edu
573,Pippa,Birdall,Vestibulum.mp3,pbirdallfw@rambler.ru
574,Korrie,Illston,PhasellusSit.xls,killstonfx@illinois.edu
575,Eduino,Mathouse,AliquamNonMauris.ppt,emathousefy@oracle.com
576,Estel,Hoult,Nulla.ppt,ehoultfz@msn.com
577,Alphonso,Elies,NasceturRidiculusMus.tiff,aeliesg0@wisc.edu
578,Cordie,Bromwich,InterdumMaurisNon.mov,cbromwichg1@nhs.uk
579,Isiahi,Josskoviz,EuInterdum.jpeg,ijosskovizg2@buzzfeed.com
580,Herold,Boldt,NuncPurusPhasellus.ppt,hboldtg3@msu.edu
581,Rosalind,Houlahan,AtVelitVivamus.png,rhoulahang4@blogger.com
582,Jeramey,Hallsworth,VenenatisLaciniaAenean.doc,jhallsworthg5@joomla.org
583,Haleigh,Huelin,MetusSapien.mp3,hhueling6@princeton.edu
584,Andreas,Daintier,CuraeDonecPharetra.xls,adaintierg7@theatlantic.com
585,Roderic,Warstall,PrimisInFaucibus.mp3,rwarstallg8@examiner.com
586,Stafani,Mordue,SollicitudinUt.pdf,smordueg9@dagondesign.com
587,Chicky,Marking,MassaQuisAugue.txt,cmarkingga@ihg.com
588,Donavon,Fillon,Donec.mp3,dfillongb@plala.or.jp
589,Arin,Outlaw,AuctorGravida.jpeg,aoutlawgc@dailymail.co.uk
590,Sheffield,Guntrip,RhoncusAliquam.avi,sguntripgd@stanford.edu
591,Malinde,Lovelock,Vel.ppt,mlovelockge@apple.com
592,Chelsae,Laugheran,MorbiNonLectus.pdf,claugherangf@comsenz.com
593,Heda,Sainsberry,TortorSollicitudin.gif,hsainsberrygg@kickstarter.com
594,Cathy,Dziwisz,SitAmetNulla.tiff,cdziwiszgh@com.com
595,Carla,Hanning,ConsequatDui.jpeg,channinggi@xrea.com
596,Cory,Gerrill,PraesentId.ppt,cgerrillgj@blinklist.com
597,Francis,Perkins,VitaeIpsum.jpeg,fperkinsgk@jiathis.com
598,Bobbie,Middlehurst,EgetCongue.png,bmiddlehurstgl@ehow.com
599,Gilberta,Shelper,CuraeDonec.jpeg,gshelpergm@cmu.edu
600,Maurene,MacMeekan,LeoMaecenasPulvinar.avi,mmacmeekangn@purevolume.com
601,Grissel,Colleck,Vitae.ppt,gcolleckgo@techcrunch.com
602,Allan,Iacovacci,DiamNeque.jpeg,aiacovaccigp@yale.edu
603,Annabel,Keoghane,Quis.xls,akeoghanegq@ft.com
604,Liam,Carass,BlanditUltrices.xls,lcarassgr@chronoengine.com
605,Arden,Thickins,TinciduntLacus.mp3,athickinsgs@noaa.gov
606,Ellis,Smittoune,PellentesqueAt.png,esmittounegt@utexas.edu
607,Ev,Warrillow,Vestibulum.mp3,ewarrillowgu@altervista.org
608,Frances,Hambly,Ornare.txt,fhamblygv@webeden.co.uk
609,Cathryn,Poveleye,SapienA.mp3,cpoveleyegw@smh.com.au
610,Fredia,Jouhandeau,Interdum.mp3,fjouhandeaugx@ask.com
611,Caren,Rother,AmetEros.avi,crothergy@1688.com
612,Zaccaria,Bliben,Risus.xls,zblibengz@blog.com
613,Demott,Gussin,LectusPellentesque.gif,dgussinh0@jiathis.com
614,Garrott,Bedrosian,LigulaSit.avi,gbedrosianh1@columbia.edu
615,Emmaline,Feavearyear,Blandit.doc,efeavearyearh2@cafepress.com
616,Jaquenette,Millom,DuisBibendum.avi,jmillomh3@cornell.edu
617,Flynn,Rising,QuisquePorta.avi,frisingh4@imgur.com
618,Thebault,Gergus,BlanditLaciniaErat.jpeg,tgergush5@apple.com
619,Arnold,Daw,InHac.avi,adawh6@unblog.fr
620,Lou,Joyner,NisiVolutpatEleifend.ppt,ljoynerh7@pinterest.com
621,Devondra,Diggles,OdioJusto.xls,ddigglesh8@sciencedaily.com
622,Karalynn,Ruffli,CongueEtiamJusto.mp3,krufflih9@reuters.com
623,Stacy,Ludl,CubiliaCurae.ppt,sludlha@jalbum.net
624,Pembroke,Sculley,FelisFusce.avi,psculleyhb@yahoo.com
625,La verne,Lilburne,EuOrci.mp3,llilburnehc@go.com
626,Glendon,McCambrois,Eleifend.txt,gmccambroishd@opensource.org
627,Cyrille,Greason,Pretium.xls,cgreasonhe@paypal.com
628,Lennard,Poulsen,Quis.jpeg,lpoulsenhf@friendfeed.com
629,Brynne,Arrighetti,Lobortis.txt,barrighettihg@netscape.com
630,Dollie,Malia,InLeo.txt,dmaliahh@businessweek.com
631,Frasco,Lanktree,EtTempusSemper.mov,flanktreehi@yellowpages.com
632,Gene,Crush,LectusSuspendissePotenti.avi,gcrushhj@unc.edu
633,Jillayne,Wisden,Elit.jpeg,jwisdenhk@fema.gov
634,Kevon,Rosander,LigulaNecSem.xls,krosanderhl@tmall.com
635,Bogart,Leathwood,DiamEratFermentum.ppt,bleathwoodhm@economist.com
636,Clerc,Bordessa,VestibulumSed.txt,cbordessahn@reddit.com
637,Carmina,de'-Ancy Willis,NecMolestie.mp3,cdeancywillisho@foxnews.com
638,Tully,Delph,OrnareImperdietSapien.avi,tdelphhp@fda.gov
639,Hyacinthe,Snailham,IntegerNon.mp3,hsnailhamhq@diigo.com
640,Claribel,Ferrettino,EratCurabiturGravida.ppt,cferrettinohr@rakuten.co.jp
641,Grethel,Capponer,VelAugue.xls,gcapponerhs@quantcast.com
642,Clemmie,Weatherburn,PosuereFelis.mp3,cweatherburnht@facebook.com
643,Marlane,Latham,Eget.ppt,mlathamhu@example.com
644,Doralynn,Knivett,DictumstEtiam.ppt,dknivetthv@ifeng.com
645,Miquela,Willbond,Ac.ppt,mwillbondhw@delicious.com
646,Jaclyn,Zavattiero,LuctusEtUltrices.tiff,jzavattierohx@discuz.net
647,Dall,Dienes,NullaNislNunc.mov,ddieneshy@wisc.edu
648,Hinda,Bosence,Blandit.avi,hbosencehz@cornell.edu
649,Glennie,Attenbarrow,Dapibus.txt,gattenbarrowi0@usnews.com
650,Elset,Gutteridge,UltricesPosuereCubilia.xls,egutteridgei1@chronoengine.com
651,Zahara,Dixcee,PosuereCubilia.mp3,zdixceei2@youku.com
652,Carry,Stickles,Vestibulum.mp3,csticklesi3@oracle.com
653,Kennie,Lanchbery,NecCondimentum.ppt,klanchberyi4@apple.com
654,Hersch,Myrick,VenenatisNonSodales.ppt,hmyricki5@boston.com
655,Jaimie,Stirland,DolorVelEst.mp3,jstirlandi6@vk.com
656,Guenevere,Blaylock,Tempus.jpeg,gblaylocki7@baidu.com
657,Purcell,Windross,Etiam.ppt,pwindrossi8@sciencedirect.com
658,Hayyim,Marcussen,Vulputate.xls,hmarcusseni9@ameblo.jp
659,Carey,Mauro,PlateaDictumst.tiff,cmauroia@go.com
660,Elsbeth,Baudino,MaurisEnim.mp3,ebaudinoib@arstechnica.com
661,Jim,Reolfo,TinciduntEget.avi,jreolfoic@xrea.com
662,Spence,Wix,Vulputate.avi,swixid@blogs.com
663,Bonnibelle,Heber,Morbi.jpeg,bheberie@weibo.com
664,Wendye,Griffey,IdLobortisConvallis.mp3,wgriffeyif@foxnews.com
665,Lindy,Lattka,MaurisSit.avi,llattkaig@google.fr
666,Neils,Delepine,EgetCongue.doc,ndelepineih@ebay.com
667,Haslett,Gooddy,LuctusEt.tiff,hgooddyii@bbb.org
668,Ulysses,Lafflin,Et.xls,ulafflinij@dion.ne.jp
669,Kynthia,Werner,UltricesVelAugue.doc,kwernerik@squarespace.com
670,Gregorius,Dinse,EuMassaDonec.pdf,gdinseil@mail.ru
671,Izabel,Sallowaye,ViverraDapibus.tiff,isallowayeim@who.int
672,Matthew,Baistow,Condimentum.jpeg,mbaistowin@imdb.com
673,Philomena,Gilhooley,EnimLoremIpsum.avi,pgilhooleyio@netlog.com
674,Zebulon,Fanshawe,UltricesEnim.mpeg,zfanshaweip@storify.com
675,Stormy,Kennham,Ac.gif,skennhamiq@addthis.com
676,Meris,Binns,QuisqueErat.ppt,mbinnsir@blogtalkradio.com
677,Ryley,Wolford,RisusAuctor.avi,rwolfordis@accuweather.com
678,Minnnie,Geke,Nascetur.avi,mgekeit@aboutads.info
679,Anny,Iannetti,CubiliaCurae.mp3,aiannettiiu@ehow.com
680,Ludovico,Siggee,Quisque.xls,lsiggeeiv@economist.com
681,Gertrud,Allridge,Amet.doc,gallridgeiw@hp.com
682,Danie,Grandham,Arcu.mp3,dgrandhamix@netvibes.com
683,Nikola,Petrasso,MaecenasRhoncus.pdf,npetrassoiy@unc.edu
684,Leonanie,Rickman,DonecSemper.jpeg,lrickmaniz@imgur.com
685,Merrill,Tregear,SapienIaculisCongue.xls,mtregearj0@imageshack.us
686,Dante,Gonnet,VestibulumAnteIpsum.mov,dgonnetj1@ocn.ne.jp
687,Gallard,Dummett,SemperSapien.xls,gdummettj2@a8.net
688,Winnah,Northridge,SapienUtNunc.avi,wnorthridgej3@bloglovin.com
689,Reade,Stanmer,Volutpat.avi,rstanmerj4@instagram.com
690,Grover,Hercock,PellentesqueViverraPede.xls,ghercockj5@epa.gov
691,Eba,Blazewicz,Velit.ppt,eblazewiczj6@squidoo.com
692,Tobye,Mottinelli,SagittisNamCongue.ppt,tmottinellij7@intel.com
693,Kile,Preece,NuncNislDuis.xls,kpreecej8@wunderground.com
694,Nicolai,Headland,EleifendQuamA.tiff,nheadlandj9@de.vu
695,Thatcher,Kernan,Luctus.mpeg,tkernanja@un.org
696,Damien,Lineham,FeugiatNon.ppt,dlinehamjb@miitbeian.gov.cn
697,Lonnie,Mouatt,IpsumPraesentBlandit.mov,lmouattjc@pinterest.com
698,Athena,MacPaik,Ultrices.avi,amacpaikjd@tamu.edu
699,Gregoire,Mutlow,VariusUt.avi,gmutlowje@arizona.edu
700,Dre,Champkins,FuscePosuere.mov,dchampkinsjf@gravatar.com
701,Irena,Sterte,Diam.pdf,istertejg@omniture.com
702,Betteanne,Ivoshin,QuisOdioConsequat.mov,bivoshinjh@vimeo.com
703,Perle,Broscombe,EgetElitSodales.mp3,pbroscombeji@reverbnation.com
704,Nil,Blampey,AdipiscingLoremVitae.ppt,nblampeyjj@shop-pro.jp
705,Odella,Gogay,HacHabitassePlatea.avi,ogogayjk@ox.ac.uk
706,Gorden,Dering,Justo.xls,gderingjl@issuu.com
707,Rickie,Ferrieroi,NecMolestie.xls,rferrieroijm@sina.com.cn
708,Waneta,Woolveridge,Iaculis.ppt,wwoolveridgejn@baidu.com
709,Marcie,Tuer,PellentesqueUltricesPhasellus.ppt,mtuerjo@ebay.co.uk
710,Niki,Ferdinand,Lectus.ppt,nferdinandjp@digg.com
711,Alayne,Neno,MattisPulvinarNulla.mp3,anenojq@cpanel.net
712,Ortensia,Brackley,Cras.avi,obrackleyjr@studiopress.com
713,Thorny,Ferie,GravidaNisiAt.ppt,tferiejs@dagondesign.com
714,Darbie,Brouwer,Nulla.xls,dbrouwerjt@wikispaces.com
715,Base,Eisak,OdioPorttitor.mp3,beisakju@washingtonpost.com
716,Milo,German,Nulla.tiff,mgermanjv@shop-pro.jp
717,Papageno,Kennaway,Consequat.ppt,pkennawayjw@fc2.com
718,Fabio,Pays,EtUltrices.jpeg,fpaysjx@examiner.com
719,Arvy,McTurley,Dolor.gif,amcturleyjy@census.gov
720,Charlton,Reignould,Fringilla.mp3,creignouldjz@liveinternet.ru
721,Sly,Goldbourn,Amet.ppt,sgoldbournk0@mit.edu
722,Rasla,Gerbel,SollicitudinMi.ppt,rgerbelk1@indiegogo.com
723,Sheffield,Wooton,Aliquam.ppt,swootonk2@reddit.com
724,Guido,Wincott,MollisMolestie.avi,gwincottk3@multiply.com
725,Lotte,Steinham,Curae.xls,lsteinhamk4@deliciousdays.com
726,Britte,Wellbeloved,Sed.pdf,bwellbelovedk5@shareasale.com
727,Ede,Barbery,Magna.jpeg,ebarberyk6@ed.gov
728,Andromache,Tarrier,DiamEratFermentum.avi,atarrierk7@furl.net
729,Nelie,Alleburton,Mollis.avi,nalleburtonk8@loc.gov
730,Letizia,Fillan,CongueVivamusMetus.ppt,lfillank9@jigsy.com
731,Betsey,Guiett,VestibulumAnte.avi,bguiettka@un.org
732,Nickie,O'Kerin,NullaQuisque.xls,nokerinkb@ox.ac.uk
733,Chrystal,Toolan,NonLigulaPellentesque.txt,ctoolankc@boston.com
734,Imogen,Brixey,AdipiscingLorem.ppt,ibrixeykd@nih.gov
735,Caresse,Walcher,Diam.mp3,cwalcherke@tumblr.com
736,Alex,Abbs,A.ppt,aabbskf@mediafire.com
737,Ade,Enrdigo,DuisMattis.ppt,aenrdigokg@slashdot.org
738,Matt,Sandever,IpsumPrimis.tiff,msandeverkh@behance.net
739,Astra,Macconaghy,Ut.png,amacconaghyki@comsenz.com
740,Gay,Laye,OdioJustoSollicitudin.tiff,glayekj@ameblo.jp
741,Mildrid,Seggie,Semper.ppt,mseggiekk@jiathis.com
742,Bartlet,Baish,LectusPellentesqueEget.avi,bbaishkl@jalbum.net
743,Edik,Rivalant,MattisPulvinar.mp3,erivalantkm@mashable.com
744,Vitoria,Tatchell,Elit.avi,vtatchellkn@mail.ru
745,Miller,Spieck,ElitAcNulla.mp3,mspieckko@foxnews.com
746,Sallee,Velte,PulvinarSed.tiff,sveltekp@i2i.jp
747,Patrizia,Rearie,EratFermentumJusto.avi,preariekq@marketwatch.com
748,Michaela,Lightfoot,NullaDapibusDolor.avi,mlightfootkr@nyu.edu
749,Chery,Jerams,Nulla.tiff,cjeramsks@statcounter.com
750,Everard,Dallon,DisParturient.mp3,edallonkt@washingtonpost.com
751,Hakim,Huett,DiamIdOrnare.jpeg,hhuettku@army.mil
752,Maribel,Raleston,EratCurabitur.avi,mralestonkv@hibu.com
753,Myriam,Leyband,NonummyInteger.gif,mleybandkw@deviantart.com
754,Delores,Choffin,AugueA.avi,dchoffinkx@dailymail.co.uk
755,Kenon,Chaston,EtUltrices.avi,kchastonky@google.com
756,Tami,Di Nisco,SitAmet.avi,tdiniscokz@archive.org
757,Rancell,Nigh,TinciduntEget.mp3,rnighl0@edublogs.org
758,Gene,Perrottet,VariusInteger.jpeg,gperrottetl1@nsw.gov.au
759,Molli,Lockhart,SitAmetDiam.avi,mlockhartl2@rediff.com
760,Callean,Willmer,DisParturient.pdf,cwillmerl3@amazon.co.uk
761,Darby,Adamides,SitAmet.mp3,dadamidesl4@amazon.co.uk
762,Lusa,Sarfass,MetusSapien.doc,lsarfassl5@msu.edu
763,Murry,McCaughren,SitAmet.xls,mmccaughrenl6@ow.ly
764,Janene,Winterbourne,Integer.jpeg,jwinterbournel7@ucla.edu
765,Paxton,Lobell,MattisNibhLigula.ppt,plobelll8@jalbum.net
766,Rorie,Baynam,Et.ppt,rbaynaml9@ustream.tv
767,Hernando,Cana,AnteVivamusTortor.jpeg,hcanala@trellian.com
768,Marina,Milton-White,Habitasse.pdf,mmiltonwhitelb@sourceforge.net
769,Ronica,Davenell,IntegerAliquetMassa.avi,rdavenelllc@creativecommons.org
770,Kristi,Peachment,Proin.tiff,kpeachmentld@bbb.org
771,Nannette,Hardcastle,LiberoConvallisEget.xls,nhardcastlele@berkeley.edu
772,Brent,Kaye,Etiam.tiff,bkayelf@taobao.com
773,Roberta,Brocket,Morbi.jpeg,rbrocketlg@huffingtonpost.com
774,Cindee,Gwin,InQuamFringilla.avi,cgwinlh@bandcamp.com
775,Anica,Hardwin,UtBlandit.mp3,ahardwinli@wikispaces.com
776,Shelby,Crehan,OrnareImperdietSapien.doc,screhanlj@cyberchimps.com
777,Rodolphe,Fowley,Felis.gif,rfowleylk@yolasite.com
778,Noelle,Tyhurst,SapienVariusUt.tiff,ntyhurstll@go.com
779,Roley,Bezant,Felis.jpeg,rbezantlm@washington.edu
780,Carmon,McCaughen,InLeoMaecenas.xls,cmccaughenln@umn.edu
781,Winfield,Corcut,Turpis.xls,wcorcutlo@macromedia.com
782,Laurie,Povah,AeneanLectus.jpeg,lpovahlp@networksolutions.com
783,Melody,Dyott,BlanditLaciniaErat.xls,mdyottlq@ehow.com
784,Serena,Skeldinge,VenenatisNonSodales.ppt,sskeldingelr@cloudflare.com
785,Dennie,Saundercock,SuspendisseOrnare.xls,dsaundercockls@angelfire.com
786,Horatio,Patroni,SitAmetCursus.txt,hpatronilt@japanpost.jp
787,Bruno,Trollope,QuamSollicitudinVitae.txt,btrollopelu@gmpg.org
788,Holden,Caulket,LectusPellentesque.txt,hcaulketlv@howstuffworks.com
789,Cletus,Dallaway,Tempor.xls,cdallawaylw@ning.com
790,Gusty,Gelly,NequeVestibulum.mp3,ggellylx@virginia.edu
791,Kamilah,Pfleger,AliquamSit.mp3,kpflegerly@statcounter.com
792,Feodor,Sole,QuamFringilla.ppt,fsolelz@ihg.com
793,Lazaro,Mozzetti,PortaVolutpat.jpeg,lmozzettim0@reddit.com
794,Darrel,Wigin,PretiumNisl.pdf,dwiginm1@europa.eu
795,Yuma,Buttrum,PorttitorLorem.ppt,ybuttrumm2@wikimedia.org
796,Patty,Swarbrigg,At.pdf,pswarbriggm3@dropbox.com
797,Silvano,Townson,Quam.mp3,stownsonm4@ed.gov
798,Perkin,Clancey,Eu.avi,pclanceym5@ted.com
799,Madalena,Meldrum,OdioConsequat.ppt,mmeldrumm6@bing.com
800,Heidi,Haly,Massa.tiff,hhalym7@example.com
801,Shay,Greeding,TortorQuis.xls,sgreedingm8@w3.org
802,Ashleigh,Spellman,IdSapien.pdf,aspellmanm9@de.vu
803,Timothea,Scottini,AcDiam.xls,tscottinima@state.tx.us
804,Florenza,Atto,NonMi.mp3,fattomb@statcounter.com
805,Elwyn,Weond,DiamCras.ppt,eweondmc@is.gd
806,Jaclyn,Mickan,PedeLiberoQuis.avi,jmickanmd@networkadvertising.org
807,Nikita,Smuth,DuisBibendum.avi,nsmuthme@edublogs.org
808,Imogene,Ogg,Vestibulum.mp3,ioggmf@bloglovin.com
809,Gill,Iacobucci,AdipiscingMolestie.mp3,giacobuccimg@digg.com
810,Rudolf,covino,UtMassaVolutpat.xls,rcovinomh@imageshack.us
811,Laetitia,Findlay,InTempor.xls,lfindlaymi@wp.com
812,Matthiew,McKeowon,NisiAtNibh.avi,mmckeowonmj@bloglines.com
813,August,Scoines,NislVenenatis.jpeg,ascoinesmk@nytimes.com
814,Alyson,Crevy,JustoIn.txt,acrevyml@live.com
815,Kaiser,Le Pruvost,PedeVenenatisNon.xls,klepruvostmm@mlb.com
816,Cynde,Comoletti,AugueVel.ppt,ccomolettimn@si.edu
817,Binny,Checcuzzi,SapienIaculis.xls,bcheccuzzimo@gnu.org
818,Shandy,Sharphurst,Dictumst.xls,ssharphurstmp@google.ca
819,Anette,Van der Brugge,InFaucibusOrci.gif,avanderbruggemq@webmd.com
820,Minetta,Dunkerly,Sed.mov,mdunkerlymr@technorati.com
821,Camella,Pittendreigh,Nam.mp3,cpittendreighms@rediff.com
822,Joye,Biasioni,Semper.avi,jbiasionimt@wired.com
823,Lidia,Royal,InCongueEtiam.xls,lroyalmu@facebook.com
824,Geraldine,Fernier,QuamSapien.png,gferniermv@parallels.com
825,Minette,McDermott-Row,Faucibus.xls,mmcdermottrowmw@google.de
826,Lindon,Sandbrook,UltricesEnim.png,lsandbrookmx@fotki.com
827,Gannon,Frondt,NonVelit.ppt,gfrondtmy@360.cn
828,Mada,O'Cuddie,CuraeDuis.xls,mocuddiemz@google.nl
829,Sibeal,Henricsson,NuncViverraDapibus.mp3,shenricssonn0@friendfeed.com
830,Charlie,Guitte,NonMi.xls,cguitten1@xing.com
831,Vince,Crawford,In.avi,vcrawfordn2@elpais.com
832,Ogdan,Stearns,InFelis.png,ostearnsn3@instagram.com
833,Maxi,Strase,Montes.xls,mstrasen4@usatoday.com
834,Ban,Teideman,Turpis.doc,bteidemann5@ehow.com
835,Hunt,Fort,TurpisIntegerAliquet.pdf,hfortn6@ft.com
836,Fredi,Ahern,InLectusPellentesque.avi,fahernn7@instagram.com
837,Moritz,Petrushanko,In.tiff,mpetrushankon8@statcounter.com
838,Andrus,Batho,Odio.ppt,abathon9@jugem.jp
839,Darren,Meriot,Ligula.mpeg,dmeriotna@histats.com
840,Nonnah,Pidgeley,Sagittis.avi,npidgeleynb@google.cn
841,Hamnet,Chitter,InImperdietEt.mp3,hchitternc@digg.com
842,Adam,Keyson,VolutpatInCongue.mpeg,akeysonnd@arizona.edu
843,Filippo,Gianetti,LiberoNullam.xls,fgianettine@wordpress.org
844,Orsola,Caplan,AugueVel.doc,ocaplannf@comsenz.com
845,Constanta,Sire,EuMassa.png,csireng@soup.io
846,Issiah,Prophet,FringillaRhoncusMauris.xls,iprophetnh@accuweather.com
847,Jacinta,Elliff,Dapibus.mov,jelliffni@hhs.gov
848,Dave,Delgardillo,MiSitAmet.mp3,ddelgardillonj@fc2.com
849,Mariellen,Forber,EratFermentum.png,mforbernk@amazon.co.jp
850,Spence,Mellings,AeneanSit.ppt,smellingsnl@umn.edu
851,Dody,Bartoletti,VestibulumAcEst.avi,dbartolettinm@cpanel.net
852,Damara,Ayres,AmetDiamIn.avi,dayresnn@privacy.gov.au
853,Darby,Matelaitis,VolutpatConvallis.pdf,dmatelaitisno@independent.co.uk
854,Felicia,Gallegos,NonQuamNec.avi,fgallegosnp@xrea.com
855,Zebadiah,Goodlet,CubiliaCurae.jpeg,zgoodletnq@ameblo.jp
856,Raquel,Chipping,QuamSuspendisse.doc,rchippingnr@mysql.com
857,Elfreda,Hydes,AdipiscingLorem.avi,ehydesns@biglobe.ne.jp
858,Adina,Ludovico,Turpis.xls,aludovicont@51.la
859,Osbert,Haw,Aenean.ppt,ohawnu@addthis.com
860,Ariadne,O'Corr,MorbiSemMauris.xls,aocorrnv@ning.com
861,Delcina,Chippindale,RutrumAcLobortis.mpeg,dchippindalenw@biglobe.ne.jp
862,Wolfie,Adamou,MagnaVestibulum.ppt,wadamounx@ezinearticles.com
863,Dena,Borer,SedAnte.mp3,dborerny@booking.com
864,Angy,Mallion,HacHabitasse.avi,amallionnz@marriott.com
865,Claudio,Woolen,AugueAliquamErat.mp3,cwooleno0@twitter.com
866,Cassius,Shedden,SitAmet.jpeg,csheddeno1@washingtonpost.com
867,Aguste,Thynne,LacusMorbiQuis.avi,athynneo2@miitbeian.gov.cn
868,Winonah,Bowhey,EuOrciMauris.pdf,wbowheyo3@seattletimes.com
869,Brewster,O'Fogarty,Mi.ppt,bofogartyo4@columbia.edu
870,Bealle,Wickersham,Suspendisse.xls,bwickershamo5@ftc.gov
871,Helli,Braun,Nulla.mp3,hbrauno6@state.gov
872,Jori,Izchaki,Interdum.xls,jizchakio7@xrea.com
873,Aveline,Georgeson,ErosViverraEget.gif,ageorgesono8@flickr.com
874,Olin,Saurat,Volutpat.ppt,osaurato9@plala.or.jp
875,Derek,Lasselle,IntegerPedeJusto.jpeg,dlasselleoa@oakley.com
876,Sadye,Beahan,AcDiam.avi,sbeahanob@springer.com
877,Kevyn,Gianolini,VelNislDuis.doc,kgianolinioc@apple.com
878,Arlana,Trime,SedAccumsan.tiff,atrimeod@hugedomains.com
879,Roselin,Walding,Quis.png,rwaldingoe@theatlantic.com
880,Beth,Duly,UrnaPretiumNisl.jpeg,bdulyof@over-blog.com
881,Ali,Chaulk,MaurisEget.xls,achaulkog@vinaora.com
882,Beaufort,Montilla,PedePosuere.gif,bmontillaoh@shareasale.com
883,Bevin,Bosman,TurpisElementum.doc,bbosmanoi@webs.com
884,Stanton,Moss,InHacHabitasse.mp3,smossoj@phpbb.com
885,Odele,Prys,EleifendDonecUt.doc,oprysok@princeton.edu
886,Ian,Player,SemFusceConsequat.mp3,iplayerol@squarespace.com
887,Rickie,Brader,NequeVestibulum.xls,rbraderom@com.com
888,Tracie,Brazier,Pede.avi,tbrazieron@uol.com.br
889,Anstice,Geffcock,IpsumPrimisIn.jpeg,ageffcockoo@shinystat.com
890,Marsh,Merali,LobortisSapienSapien.txt,mmeraliop@weibo.com
891,Adorne,Chennells,VestibulumVestibulumAnte.tiff,achennellsoq@archive.org
892,Aurie,Ramsay,NuncCommodo.xls,aramsayor@sakura.ne.jp
893,Dorelle,Ormonde,VestibulumSitAmet.jpeg,dormondeos@dailymotion.com
894,Alvinia,Luby,CondimentumCurabiturIn.xls,alubyot@weibo.com
895,Ward,Klisch,In.mp3,wklischou@nyu.edu
896,Karyl,Figure,DolorSitAmet.jpeg,kfigureov@sourceforge.net
897,Buiron,Oxberry,EtUltrices.mp3,boxberryow@un.org
898,Darice,Hallyburton,LectusPellentesqueAt.avi,dhallyburtonox@123-reg.co.uk
899,Magnum,Chafer,LaciniaNisiVenenatis.png,mchaferoy@reverbnation.com
900,Peyton,Sporle,AtDolorQuis.mp3,psporleoz@patch.com
901,Deloris,Beckett,Dapibus.ppt,dbeckettp0@elegantthemes.com
902,Nara,Mounsey,Eget.ppt,nmounseyp1@marketwatch.com
903,Rutter,Waind,DapibusAtDiam.avi,rwaindp2@va.gov
904,Samson,Hedon,Ut.mpeg,shedonp3@sohu.com
905,Clifford,O' Donohoe,InAnte.tiff,codonohoep4@ebay.co.uk
906,Dick,Jans,NamUltricesLibero.mp3,djansp5@paypal.com
907,Ferd,Savery,ConsequatMetusSapien.ppt,fsaveryp6@t.co
908,Eduard,Low,Dapibus.avi,elowp7@sogou.com
909,Daune,Vaneschi,EuInterdum.tiff,dvaneschip8@rediff.com
910,Vaughn,Haslock,DapibusDuis.png,vhaslockp9@amazon.co.uk
911,Alica,Beddingham,CongueEgetSemper.xls,abeddinghampa@gizmodo.com
912,Ulrika,Shwenn,NullaQuisqueArcu.doc,ushwennpb@gravatar.com
913,Lydon,Brodbin,UltricesErat.avi,lbrodbinpc@fotki.com
914,Hubie,Gonnel,InFaucibusOrci.xls,hgonnelpd@reddit.com
915,Kizzee,Pinwell,Lacinia.avi,kpinwellpe@sun.com
916,Jonell,Whybrow,NuncCommodo.ppt,jwhybrowpf@tinyurl.com
917,Isobel,De Meyer,InFaucibus.xls,idemeyerpg@xinhuanet.com
918,Farah,Jameson,Vestibulum.pdf,fjamesonph@hc360.com
919,Aube,Rockliffe,AcLobortis.pdf,arockliffepi@shareasale.com
920,Addi,Autry,PurusPhasellusIn.avi,aautrypj@about.me
921,Ad,Bromage,MolestieHendrerit.mp3,abromagepk@timesonline.co.uk
922,Rodrique,Gouny,LoremIpsumDolor.ppt,rgounypl@ebay.co.uk
923,Weston,Bonome,Pede.ppt,wbonomepm@yellowbook.com
924,Kris,Havelin,Velit.mp3,khavelinpn@yale.edu
925,Temple,Yuille,Varius.pdf,tyuillepo@plala.or.jp
926,Abbye,Tomasutti,SagittisSapien.avi,atomasuttipp@taobao.com
927,Kahlil,Shaddock,SitAmetEleifend.tiff,kshaddockpq@yale.edu
928,Brandea,Swindall,QuamPede.jpeg,bswindallpr@weebly.com
929,Zedekiah,Quigley,Elementum.avi,zquigleyps@desdev.cn
930,Astra,Nutbean,NullaUltricesAliquet.gif,anutbeanpt@icio.us
931,Maridel,Gosart,IdLigula.mp3,mgosartpu@mediafire.com
932,Broddie,Gemeau,MaecenasUtMassa.png,bgemeaupv@artisteer.com
933,Mariann,Schultz,SollicitudinUt.avi,mschultzpw@webeden.co.uk
934,Hansiain,Braitling,Non.mpeg,hbraitlingpx@microsoft.com
935,Deina,Foskett,JustoSollicitudinUt.xls,dfoskettpy@bravesites.com
936,Cornelle,Pixton,CursusId.mov,cpixtonpz@businessinsider.com
937,Kendra,O'Dyvoy,SagittisDui.txt,kodyvoyq0@google.ca
938,Nickie,Loomis,Eleifend.mp3,nloomisq1@ihg.com
939,Arluene,Muston,UltricesPosuereCubilia.doc,amustonq2@usgs.gov
940,Herminia,Moorwood,NecSemDuis.mp3,hmoorwoodq3@goo.gl
941,Crista,Killough,In.mp3,ckilloughq4@last.fm
942,Travus,Smurfitt,TinciduntLacus.tiff,tsmurfittq5@stanford.edu
943,Ive,Wing,UltricesErat.avi,iwingq6@over-blog.com
944,Olenka,Eaves,Non.mpeg,oeavesq7@e-recht24.de
945,Jorey,Kun,Libero.mp3,jkunq8@uiuc.edu
946,Liane,Dowzell,VivamusIn.xls,ldowzellq9@macromedia.com
947,Cash,Showte,UllamcorperPurusSit.avi,cshowteqa@edublogs.org
948,Kora,Tomaini,LectusIn.tiff,ktomainiqb@issuu.com
949,Angelika,Enrdigo,SuspendissePotentiNullam.pdf,aenrdigoqc@prlog.org
950,Rozele,Joincey,Tellus.ppt,rjoinceyqd@alexa.com
951,Bidget,Betke,Vestibulum.pdf,bbetkeqe@studiopress.com
952,Bartlett,Johanning,PosuereFelisSed.ppt,bjohanningqf@answers.com
953,Marten,Eannetta,UltricesAliquetMaecenas.mpeg,meannettaqg@hatena.ne.jp
954,Emile,Whitham,Massa.gif,ewhithamqh@1688.com
955,Ase,Strowan,Condimentum.xls,astrowanqi@domainmarket.com
956,Mort,Ocheltree,IdLuctusNec.mp3,mocheltreeqj@sakura.ne.jp
957,Annora,Kobierra,APedePosuere.mp3,akobierraqk@google.com.hk
958,Cecelia,Duffy,AugueLuctus.xls,cduffyql@mac.com
959,Rickey,Bramall,Vestibulum.avi,rbramallqm@ebay.com
960,Willdon,Hannam,NullaSed.pdf,whannamqn@hp.com
961,Base,Grout,ProinRisus.doc,bgroutqo@deviantart.com
962,Raimondo,Francesconi,Commodo.tiff,rfrancesconiqp@admin.ch
963,Isidor,Tinan,EleifendQuamA.ppt,itinanqq@soundcloud.com
964,Dorian,Fallis,NonSodales.mp3,dfallisqr@trellian.com
965,Ivan,Dufton,EgetTincidunt.ppt,iduftonqs@loc.gov
966,Foster,Gunningham,ConsequatLectus.xls,fgunninghamqt@arstechnica.com
967,Valera,Dee,Nullam.mpeg,vdeequ@wired.com
968,Neely,Swyre,Mi.xls,nswyreqv@nbcnews.com
969,Fleurette,Oldcote,OdioDonecVitae.mov,foldcoteqw@army.mil
970,Rosalyn,Capelow,AmetLobortis.mpeg,rcapelowqx@jimdo.com
971,Mariya,Simononsky,LaciniaEget.tiff,msimononskyqy@wunderground.com
972,Massimo,Kirkness,Venenatis.mp3,mkirknessqz@sciencedirect.com
973,Bird,Curwood,UtTellusNulla.mpeg,bcurwoodr0@hexun.com
974,Chryste,Dwelley,Lectus.mpeg,cdwelleyr1@samsung.com
975,Willabella,Larrington,AugueAliquam.xls,wlarringtonr2@ucoz.com
976,Chance,Ditter,SapienIaculis.mp3,cditterr3@issuu.com
977,Harald,Carl,LectusInEst.avi,hcarlr4@archive.org
978,Duke,Oddie,SapienArcuSed.ppt,doddier5@mapy.cz
979,Evonne,Ludlem,Consequat.mp3,eludlemr6@webmd.com
980,Carl,Queenborough,Mi.ppt,cqueenboroughr7@java.com
981,Fanny,Kirgan,Nisi.ppt,fkirganr8@geocities.jp
982,Ashien,Rubes,FusceLacus.tiff,arubesr9@t-online.de
983,Baily,Eldredge,Viverra.avi,beldredgera@google.it
984,Alexandros,Gannon,Id.mp3,agannonrb@nbcnews.com
985,Cammy,de la Tremoille,NequeVestibulumEget.mp3,cdelatremoillerc@nsw.gov.au
986,Torie,Poyle,ProinEu.gif,tpoylerd@addthis.com
987,Abdel,Ridoutt,LeoOdio.avi,aridouttre@paginegialle.it
988,Ealasaid,Label,Tincidunt.pdf,elabelrf@delicious.com
989,Theresina,Paaso,Dui.pdf,tpaasorg@hc360.com
990,Claudell,Mendoza,AtVulputate.xls,cmendozarh@wikimedia.org
991,Felecia,Beining,UtNulla.ppt,fbeiningri@cmu.edu
992,Jo-anne,Northfield,PurusSit.gif,jnorthfieldrj@w3.org
993,Jessalyn,Sonier,InSagittis.gif,jsonierrk@godaddy.com
994,Jacquelyn,Craigie,InFaucibus.png,jcraigierl@unicef.org
995,Fallon,Cometson,Phasellus.avi,fcometsonrm@scribd.com
996,Judah,Gratrix,Faucibus.jpeg,jgratrixrn@chron.com
997,Kiele,Hoyt,Sed.jpeg,khoytro@smugmug.com
998,Carey,MacKee,NonPretiumQuis.mov,cmackeerp@printfriendly.com
999,Annamaria,Geaney,Ut.avi,ageaneyrq@smh.com.au
1000,Jillian,Lucchi,AeneanAuctorGravida.avi,jlucchirr@usa.gov
