id,first_name,last_name,DateOfJoining
1,Aime,Wontner,7/6/2021
2,Thorpe,Churm,10/1/2021
3,Jaclin,MacLachlan,4/16/2021
4,Ramon,Durn,3/6/2022
5,Pavla,Ruffle,7/1/2021
6,Tobias,Severwright,3/11/2022
7,Tamera,Saur,70/28/2021
8,Linc,Bruster,4/24/2021
9,Christalle,Mushet,12/21/2021
10,Mace,Cusworth,11/12/2021
11,Maxim,Petruskevich,8/10/2021
12,Lucian,Jovasevic,10/2/2021
13,Kaylil,Bradborne,7/15/2021
14,Royall,Symcox,6/5/2021
15,Brander,Arias,2/10/2022
16,Natasha,Gallanders,11/21/2021
17,Rhianna,Larwood,2/18/2022
18,Kare,Jaggard,2/24/2022
19,Kimberley,Bosward,2/18/2022
20,Roselin,Osbourne,5/29/2021
21,Starr,Luna,9/30/2021
22,Yetta,Fittall,8/27/2021
23,Mellie,Huelin,10/23/2021
24,Tania,Ullett,10/1/2021
25,Gregoor,Cummine,8/2/2021
26,Ole,Ryde,2/23/2022
27,Tymothy,Tarrier,7/3/2021
28,Timothy,Pimlott,4/1/2021
29,Anissa,Feathersby,11/22/2021
30,Belle,Gretham,5/2/2021
31,Carolina,Hrynczyk,7/2/2021
32,Delinda,Steven,5/3/2021
33,Consuela,Igoe,3/31/2021
34,Kylynn,Kop,7/11/2021
35,Padraig,Minelli,11/25/2021
36,Donnajean,Cancelier,11/22/2021
37,Bride,Spehr,5/20/2021
38,Lorne,Dunlap,12/16/2021
39,Holt,Iorillo,6/4/2021
40,Mayor,Ipsgrave,1/27/2022
41,Anna-diane,McDougle,8/16/2021
42,Minnie,Kerswill,9/22/2021
43,Dix,Wennington,8/14/2021
44,Deanne,Younglove,8/31/2021
45,Pamella,Pegden,5/2/2021
46,Drucill,Laughnan,7/21/2021
47,Matias,Deem,1/21/2022
48,Tiffie,Madigan,11/30/2021
49,Rozella,Corbould,5/11/2021
50,Scarface,Blunsden,7/19/2021
51,Geordie,Egdal,12/3/2021
52,Onida,Prout,3/3/2022
53,Avram,Wann,6/22/2021
54,Clemmie,Rames,12/19/2021
55,Cecelia,McMinn,2/14/2022
56,Kimberly,Leeds,1/7/2022
57,Araldo,Piddlehinton,11/30/2021
58,Moritz,Sappell,12/14/2021
59,Nap,Pinsent,4/21/2021
60,Billie,Jeffress,8/25/2021
61,Nickolas,Ahlf,4/6/2021
62,Elli,MacGauhy,11/13/2021
63,Genni,Tinham,9/24/2021
64,Joellyn,Wadman,11/12/2021
65,Douglas,Wisham,8/30/2021
66,Jolene,Gepson,2/14/2022
67,Jonis,Frankish,2/28/2022
68,Orland,Ecob,8/22/2021
69,Dedra,Orwell,8/17/2021
70,Brew,Wythe,5/12/2021
71,Jacquette,Stain,12/27/2021
72,Shaylynn,Nickels,10/27/2021
73,Rosabelle,Cunah,6/11/2021
74,Dougie,Novkovic,5/11/2021
75,Kelley,Jagson,10/12/2021
76,Joete,Dytham,10/23/2021
77,Harriett,Prujean,8/11/2021
78,Muffin,Bleyman,7/12/2021
79,Nadean,Skahill,6/20/2021
80,Neddie,Blissitt,4/18/2021
81,Marabel,Daniau,8/16/2021
82,Kaitlynn,de Lloyd,10/10/2021
83,Inesita,Ellings,6/20/2021
84,Otho,Lowey,12/7/2021
85,Kara-lynn,Sollam,2/25/2022
86,Josey,Landeg,8/5/2021
87,Karlotta,Sillis,5/15/2021
88,Gustie,Davisson,10/6/2021
89,Gwynne,Kain,6/25/2021
90,Rabbi,Dinnies,2/16/2022
91,Kathi,Gage,6/2/2021
92,Lionello,Sysland,6/11/2021
93,Marietta,Goodacre,10/26/2021
94,Miltie,Dabes,4/25/2021
95,Corliss,Dyhouse,7/12/2021
96,Afton,Pragnell,1/10/2022
97,Karalee,Hunnam,12/3/2021
98,Flossi,Keir,8/17/2021
99,Koral,Dovydenas,8/21/2021
100,Son,Braddick,9/16/2021
101,Dionysus,Eronie,8/28/2021
102,Justinian,Alenichicov,5/29/2021
103,Kathlin,Bucknall,4/18/2021
104,Ivett,Kettow,3/26/2021
105,Gabe,Limpenny,6/2/2021
106,Corbin,Fawlo,8/26/2021
107,Donny,Crowdy,2/24/2022
108,Hyacinthie,Fielders,3/25/2021
109,Elisha,Dreier,1/19/2022
110,Pamela,Chetter,9/17/2021
111,Dallis,Tarren,9/9/2021
112,Darrell,Biermatowicz,11/10/2021
113,Jordana,Brokenshaw,8/22/2021
114,Shanie,Muffin,10/6/2021
115,Daphne,Dunkerton,9/19/2021
116,Sherri,Gleadle,7/1/2021
117,Arne,Curlis,5/15/2021
118,Moreen,Yantsev,10/7/2021
119,Perle,Batman,4/11/2021
120,Thacher,Beachem,2/11/2022
121,De,Vasilov,2/22/2022
122,Christy,Oki,7/20/2021
123,Kate,Braune,5/26/2021
124,Reinhold,Pass,8/3/2021
125,Alessandra,Rannells,6/25/2021
126,Eba,Raggatt,3/15/2022
127,Scottie,Late,5/8/2021
128,Rachael,Collop,3/20/2022
129,Lexi,Johanning,5/20/2021
130,Peterus,Gail,12/28/2021
131,Christabella,Govern,10/20/2021
132,Enrika,Grzesiak,11/19/2021
133,Odette,Alford,8/8/2021
134,Marcelline,Adlington,8/17/2021
135,Dill,Dubery,3/14/2022
136,Candide,Gimbart,6/23/2021
137,Anselma,Brymner,12/3/2021
138,Sheelah,Doncaster,12/31/2021
139,Jo,Henrych,8/27/2021
140,Ronnie,McKew,2/14/2022
141,Alix,Chavrin,10/25/2021
142,Killie,Milsted,10/13/2021
143,Nichol,Hamlett,2/17/2022
144,Cointon,Corner,10/20/2021
145,Fulvia,Scrase,1/20/2022
146,Roselia,Itzkovici,12/1/2021
147,Clementine,Cheater,3/25/2021
148,Marilin,Echlin,3/30/2021
149,Thatch,Pill,4/16/2021
150,Philis,Heeron,7/29/2021
151,Cory,Mapledoram,2/10/2022
152,Belia,Dye,2/26/2022
153,Rosemary,Lamanby,4/13/2021
154,Sawyere,Pagett,3/4/2022
155,Bron,Mattin,9/17/2021
156,Abigale,Exrol,12/8/2021
157,Sascha,Athy,11/11/2021
158,Pall,Broady,3/11/2022
159,Nariko,Baniard,7/19/2021
160,Wernher,Ottosen,10/28/2021
161,Ailina,Warton,11/2/2021
162,Julie,Scotland,10/16/2021
163,Henriette,Vasyutochkin,1/18/2022
164,Lorine,Pauluzzi,9/29/2021
165,Nikita,Grattan,11/6/2021
166,Seumas,Edelston,2/3/2022
167,Reinwald,Casaccio,10/16/2021
168,Michel,Fuster,6/29/2021
169,Winn,Brandino,7/15/2021
170,Ester,Lewsley,5/29/2021
171,Shir,Newlove,10/2/2021
172,Louella,Vergo,9/22/2021
173,Thaddeus,Burgyn,9/10/2021
174,Misti,Ciciotti,7/11/2021
175,Claudian,Helliwell,11/24/2021
176,Georgette,Beacom,9/6/2021
177,Janene,Python,1/27/2022
178,Daloris,Kivlehan,2/13/2022
179,Earlie,Balf,3/29/2021
180,Donella,Dispencer,8/8/2021
181,Rayna,Hucquart,9/25/2021
182,Bridget,Richardes,9/20/2021
183,Patrice,Castri,2/9/2022
184,Nickolai,Rilston,11/23/2021
185,Tamas,O' Flaherty,5/4/2021
186,De witt,Filipson,11/6/2021
187,Korry,Sekulla,7/7/2021
188,Jilleen,Brozek,2/8/2022
189,Pattie,Hincks,4/4/2021
190,Milo,Aicheson,6/10/2021
191,Chevy,Broddle,4/20/2021
192,Katharine,Mallinar,2/22/2022
193,Joana,Vautre,10/7/2021
194,Asia,Davidsson,12/5/2021
195,Chrissy,Guyot,5/5/2021
196,Lisbeth,Lufkin,7/8/2021
197,Randene,Driscoll,10/9/2021
198,Cornie,Downe,10/10/2021
199,Penni,Rizzotto,10/13/2021
200,Shelden,Beglin,6/9/2021
201,Lamont,Kernocke,2/25/2022
202,Glenn,Laybourne,4/15/2021
203,Kerianne,Madelin,8/16/2021
204,Cordi,Sargood,10/6/2021
205,Shurwood,Pashby,1/4/2022
206,Arty,Gummoe,1/6/2022
207,Janine,Dupoy,11/4/2021
208,Gideon,Dibson,10/7/2021
209,Randolph,Fenby,1/9/2022
210,Leandra,Saphin,6/16/2021
211,Nikaniki,Ferreira,9/22/2021
212,Devinne,Vinter,1/19/2022
213,Georgi,Sidsaff,7/9/2021
214,Monte,Stud,5/4/2021
215,Chris,Cawsey,3/23/2021
216,Zed,Loakes,8/21/2021
217,Hal,Pischoff,2/7/2022
218,Temple,Darbon,8/6/2021
219,Katrine,Caudelier,2/17/2022
220,Devy,Jeves,9/10/2021
221,Arv,De Courtney,2/15/2022
222,Basil,Tassell,8/5/2021
223,Karlens,Caret,11/13/2021
224,Sherri,Biers,12/18/2021
225,Ignaz,O'Monahan,4/30/2021
226,Datha,Limbert,12/24/2021
227,Robinetta,Cicullo,10/10/2021
228,Cathy,Greste,1/30/2022
229,Raychel,Leathers,10/29/2021
230,Shena,Spincke,4/11/2021
231,Antoine,Seaking,12/3/2021
232,Pansy,Akker,8/13/2021
233,Kessia,Coe,4/24/2021
234,Dorie,Clegg,3/6/2022
235,Margaretta,Bromige,3/7/2022
236,Alidia,Puleston,11/17/2021
237,Ammamaria,Twelvetree,8/9/2021
238,Myra,Mellsop,7/9/2021
239,Durand,Pershouse,10/2/2021
240,Fran,Cuningham,11/10/2021
241,Zorana,Midghall,2/7/2022
242,Lester,Ventom,11/6/2021
243,Dulcia,Cooper,1/17/2022
244,Wilek,Peakman,10/15/2021
245,Farica,Merchant,1/11/2022
246,Arnie,Gribble,6/26/2021
247,Victoir,Stranieri,6/16/2021
248,Cissiee,Slowey,1/25/2022
249,Tamma,Camfield,4/25/2021
250,Griswold,Streetley,7/25/2021
251,Sharleen,Raysdale,3/8/2022
252,Sayer,Fransemai,3/1/2022
253,Cathie,d' Elboux,5/8/2021
254,Sandy,O'Cannan,5/5/2021
255,Windham,Di Biasi,9/18/2021
256,Gunilla,Gumary,11/12/2021
257,Wylma,Plaid,1/24/2022
258,Antoni,Colwill,9/16/2021
259,Cherice,Gouldstone,8/1/2021
260,Chance,Decourcy,2/10/2022
261,Kelcy,Benger,4/6/2021
262,Joellen,Mebs,1/16/2022
263,Kirk,Zum Felde,2/21/2022
264,Marchall,Briat,6/13/2021
265,Gran,Caltun,5/29/2021
266,Cosetta,Shave,1/11/2022
267,Hansiain,Chalcroft,10/14/2021
268,Phoebe,Feragh,10/24/2021
269,Tiphanie,Hynson,11/17/2021
270,Mari,Whitlock,7/20/2021
271,Greer,Routledge,3/11/2022
272,Baxter,Costellow,3/30/2021
273,Flossi,Eschalette,5/3/2021
274,Delly,Huett,6/9/2021
275,Abby,Featherstonhaugh,4/23/2021
276,Gilda,Bellenie,1/1/2022
277,Johnna,Halwill,7/17/2021
278,Bondy,Eller,9/22/2021
279,Darcy,Cordell,10/8/2021
280,Feodor,Lurriman,3/4/2022
281,Marcile,Pelzer,10/12/2021
282,Miller,O'Lehane,1/10/2022
283,Upton,Clubbe,7/24/2021
284,Cherish,Johnes,5/17/2021
285,Margarita,Yakhin,4/7/2021
286,Aguistin,McKennan,7/7/2021
287,Titos,Dawidsohn,1/14/2022
288,Doug,Dawtre,11/5/2021
289,Far,Dowry,12/11/2021
290,Nana,Maile,3/25/2021
291,Idette,Esslemont,5/20/2021
292,Mitchell,Skipp,1/21/2022
293,Belia,Hynes,2/28/2022
294,Eben,Orr,5/3/2021
295,Jo-ann,Schultheiss,4/11/2021
296,Sara-ann,Scutchin,5/26/2021
297,Alys,Puttrell,8/2/2021
298,Merridie,Yakovlev,10/8/2021
299,Talia,Schimoni,12/23/2021
300,Muire,Hinrichs,8/16/2021
301,Francisca,Tooby,3/18/2022
302,Jarvis,Troyes,7/3/2021
303,Marya,Bailles,2/27/2022
304,Orton,Berwick,8/10/2021
305,Sandi,Lintott,5/20/2021
306,Bonnibelle,Muslim,5/19/2021
307,Joella,Grunder,2/5/2022
308,Doloritas,Lamplugh,10/23/2021
309,Irwinn,Rillett,10/10/2021
310,Haskell,Nellen,6/25/2021
311,Abrahan,Carnaman,2/7/2022
312,Laina,Stodd,9/2/2021
313,Keith,Kinavan,5/22/2021
314,Feodor,de Bullion,12/30/2021
315,Wallache,Dyett,9/3/2021
316,Elmer,Oxley,5/23/2021
317,Amie,Normansell,3/16/2022
318,Larissa,Redgrove,12/27/2021
319,Eileen,Bortolozzi,5/28/2021
320,Siobhan,Cridge,4/13/2021
321,Farrell,Fateley,7/6/2021
322,Sada,Attwoul,6/27/2021
323,Lucia,Dearness,5/31/2021
324,Antons,Toderini,1/23/2022
325,Camey,Simondson,10/8/2021
326,Olivette,MacAlees,6/1/2021
327,Torry,Robillart,4/25/2021
328,Charo,Billington,11/21/2021
329,Heidie,Scotti,5/26/2021
330,Karlene,Milbourne,7/3/2021
331,Opaline,Agar,12/18/2021
332,Goddart,Crooks,1/31/2022
333,Mariana,Fewell,5/3/2021
334,Fawnia,McGinty,6/23/2021
335,Kayne,McMurraya,10/17/2021
336,Lois,Vanin,10/29/2021
337,Chevalier,Ditchett,9/27/2021
338,Francene,Roundtree,1/27/2022
339,Saunder,Pitson,12/12/2021
340,Averell,Drillot,11/2/2021
341,Gertrud,Ladbrooke,1/9/2022
342,Hendrik,Westwick,6/4/2021
343,Kenny,Gillam,12/6/2021
344,Clywd,MacGorley,9/13/2021
345,Karlee,Bann,2/24/2022
346,Gwenneth,Jendricke,9/8/2021
347,Theodore,Plaxton,10/11/2021
348,Munroe,Button,6/23/2021
349,Marie-ann,Sheirlaw,1/13/2022
350,Loraine,Brine,7/11/2021
351,Vittoria,Haley,10/28/2021
352,Rosella,Yitzhakof,11/11/2021
353,Bryn,Asgodby,8/18/2021
354,Sigfrid,Rigden,8/30/2021
355,Roxi,Cunio,6/20/2021
356,Roshelle,Avo,1/29/2022
357,El,Londing,7/3/2021
358,Joseph,Dyne,9/23/2021
359,Nataniel,Scutts,10/1/2021
360,Vinni,MacArd,9/4/2021
361,Rudd,Trowle,9/30/2021
362,Hodge,Kurten,11/29/2021
363,Lark,Parzis,9/30/2021
364,Pete,Volante,12/7/2021
365,Marian,MacKee,9/19/2021
366,Garvin,Farnie,11/9/2021
367,Pablo,Grut,9/22/2021
368,Maison,Hamsley,6/9/2021
369,Niven,Tozer,9/23/2021
370,Boonie,Aidler,12/29/2021
371,Giacobo,Fackney,7/31/2021
372,Demetre,Howsley,8/19/2021
373,Lucine,Bitcheno,1/9/2022
374,Jennica,Carabine,2/5/2022
375,Titos,Waren,9/19/2021
376,Dudley,Cockerell,2/1/2022
377,Reeta,Fairburn,1/31/2022
378,Olivie,Bossingham,2/1/2022
379,Agnella,McRonald,4/10/2021
380,Hardy,Dewan,6/2/2021
381,Mordecai,Neeve,6/10/2021
382,Darbee,Henrot,8/20/2021
383,Tiphanie,Maplethorpe,11/16/2021
384,Sabine,O'Fihily,1/24/2022
385,Pierrette,Kenningley,5/17/2021
386,Koral,Eickhoff,6/19/2021
387,Koo,Himpson,7/13/2021
388,Fanechka,Albone,3/12/2022
389,Farrel,Tidy,12/9/2021
390,Storm,Robins,8/12/2021
391,Etan,Scurrah,2/27/2022
392,Wally,Ilyas,10/10/2021
393,Maurene,Killner,7/26/2021
394,Ofella,Idiens,9/1/2021
395,Masha,Lowrance,10/19/2021
396,Angele,Mangion,3/4/2022
397,Reese,Gethyn,6/3/2021
398,Crysta,Reddecliffe,7/8/2021
399,Vin,Bream,10/13/2021
400,Alphonse,Brittlebank,4/4/2021
401,Yancy,Daly,11/26/2021
402,Alwyn,Meysham,6/21/2021
403,Madelene,Switzer,6/26/2021
404,Ignazio,Cockcroft,4/23/2021
405,Murvyn,Conklin,5/18/2021
406,Mead,Duplan,12/19/2021
407,Ivor,Letterick,3/15/2022
408,Lawry,Eastcourt,7/21/2021
409,Caryn,Bullers,11/8/2021
410,Beret,Struther,12/1/2021
411,Elisabetta,Iles,5/17/2021
412,Aldus,Thurnham,12/21/2021
413,Crawford,Cleghorn,11/9/2021
414,Fawn,Gavriel,10/6/2021
415,Tamera,Ivashkin,7/7/2021
416,Bidget,Dallmann,8/30/2021
417,Pauli,Sivell,8/6/2021
418,Ollie,Bellas,6/14/2021
419,Jolynn,Dalglish,8/9/2021
420,Feodora,Duffie,8/10/2021
421,Elle,Storry,5/16/2021
422,Mavis,Stebles,2/10/2022
423,Hi,Scheffler,3/29/2021
424,Ree,Antonutti,6/5/2021
425,Arlan,Panton,10/17/2021
426,Cherie,Sambiedge,7/15/2021
427,Rena,Worsell,10/5/2021
428,Aurel,Spurden,11/30/2021
429,Yolanda,Baser,11/16/2021
430,Shaw,Filkin,11/14/2021
431,Tadio,Peltz,5/5/2021
432,Ange,Cutten,9/5/2021
433,Axel,Aizkovitch,9/7/2021
434,Dal,Ramel,5/21/2021
435,Bettye,D'Aguanno,4/30/2021
436,Kristoffer,Doudny,10/1/2021
437,Tremaine,Rippingall,8/10/2021
438,Rhona,O'Lehane,4/19/2021
439,Bev,Cardoo,5/26/2021
440,Blisse,McCuaig,3/22/2021
441,Yves,Creeboe,11/26/2021
442,Kevyn,Deamer,7/14/2021
443,Torrin,Conew,1/2/2022
444,Violet,Kornilov,12/14/2021
445,Jehu,Fiddeman,6/1/2021
446,Percival,Robberecht,12/6/2021
447,Gloria,McFetridge,2/13/2022
448,Aleta,Woolfoot,5/29/2021
449,Mikey,Haberjam,1/9/2022
450,Libbey,MacDaid,10/9/2021
451,Alasdair,Webben,4/20/2021
452,Archer,Worthington,7/13/2021
453,Zak,Dumberell,12/8/2021
454,Hinze,Fibben,6/13/2021
455,Kassia,Salack,1/4/2022
456,Alyssa,Lynock,7/2/2021
457,Kipp,Reedshaw,12/30/2021
458,Tab,Frears,5/10/2021
459,Clementia,Legg,8/27/2021
460,Darda,Karppi,12/22/2021
461,Anne,Dowtry,10/7/2021
462,Peta,Piechnik,11/13/2021
463,Scottie,Strangward,4/14/2021
464,Penrod,Dethloff,6/6/2021
465,Weston,Posse,8/9/2021
466,Eileen,Dinsale,10/27/2021
467,Chet,Harby,5/13/2021
468,Lee,Gent,8/19/2021
469,Inna,Rohlf,10/17/2021
470,Kipper,Sample,5/3/2021
471,Rora,Janisson,3/15/2022
472,Gris,Bruckner,7/12/2021
473,Shellie,Parmer,1/31/2022
474,Drucy,Joskovitch,4/3/2021
475,Raymond,Launder,12/3/2021
476,Lesley,Parzis,11/11/2021
477,Cyrill,Lemonnier,3/28/2021
478,Gregoire,Aldis,4/8/2021
479,Jasmin,Vakhonin,6/6/2021
480,Joey,Ravenshear,4/17/2021
481,Gabriel,Greason,9/4/2021
482,Inger,Lalonde,2/16/2022
483,Riannon,Chave,7/27/2021
484,Fredric,Hoodless,3/7/2022
485,Aryn,Lapides,11/7/2021
486,Fidole,Varley,1/5/2022
487,Aurelea,Statersfield,2/4/2022
488,Tanny,Coughlin,9/21/2021
489,Izabel,Symson,9/9/2021
490,Sutton,Sunner,10/28/2021
491,Rayna,Sharma,7/11/2021
492,Marie-ann,Leaves,8/1/2021
493,Rubi,Yeell,11/22/2021
494,Josepha,Whates,1/9/2022
495,Cleve,Ferriman,3/23/2021
496,Ruthann,Fegan,3/5/2022
497,Astra,Pendrey,12/14/2021
498,Thatcher,Linthead,3/14/2022
499,Elita,Roalfe,4/5/2021
500,Patrice,Phillot,9/23/2021
501,Shandie,Venton,7/8/2021
502,Walsh,Merman,12/23/2021
503,Packston,Cowlas,3/20/2022
504,Rica,Gull,5/19/2021
505,Barnabas,Tethcote,2/12/2022
506,Dacie,Jurn,8/4/2021
507,Waneta,Erie,5/10/2021
508,Maison,Balassi,4/8/2021
509,Pembroke,Plank,3/6/2022
510,Doyle,Lightbody,12/12/2021
511,Sapphire,Birdsall,5/16/2021
512,Margaretta,Hurdidge,7/20/2021
513,Brita,Dumbar,3/10/2022
514,Alon,Matthewson,4/4/2021
515,Hewe,Yakobovicz,9/28/2021
516,Lorant,Tebbett,8/28/2021
517,Sigrid,Jaquet,2/17/2022
518,Cicely,Jeffs,1/11/2022
519,Celestyna,Crawford,5/17/2021
520,Edy,Rawdall,9/23/2021
521,Skelly,Neagle,6/2/2021
522,Caritta,Teare,6/1/2021
523,Dareen,McAviy,11/29/2021
524,Kara-lynn,Rewbottom,3/24/2021
525,Ginnie,Obell,8/13/2021
526,Benedicto,Selesnick,7/14/2021
527,Keen,Kayser,7/31/2021
528,Tracee,Stivey,1/31/2022
529,Clarisse,Hewlings,12/8/2021
530,Ive,Preddle,6/25/2021
531,Hakim,Cuttelar,10/20/2021
532,Catherin,Corbet,5/22/2021
533,Tracie,Grabiec,3/20/2022
534,Deck,Mervyn,8/16/2021
535,Bald,Latchmore,2/26/2022
536,Barnie,Huskisson,12/6/2021
537,Devonna,Beeching,8/25/2021
538,Jermain,Baglin,7/14/2021
539,Clair,Mountcastle,12/13/2021
540,Jammie,MacGiolla Pheadair,2/15/2022
541,Nanice,Compson,8/21/2021
542,Lesli,Wittey,11/23/2021
543,Elke,Low,5/3/2021
544,Annetta,Phethean,11/7/2021
545,Delainey,Mancer,1/7/2022
546,Fannie,Maund,4/13/2021
547,Pamela,Collister,3/13/2022
548,Nanni,Sandell,9/23/2021
549,Glynn,Hugland,3/23/2021
550,Sutherland,Domel,3/1/2022
551,Mira,Dudbridge,12/4/2021
552,Hephzibah,McGarrahan,3/14/2022
553,Nata,Berthomieu,7/15/2021
554,Genovera,Blyde,5/9/2021
555,Ira,Denniss,7/13/2021
556,Leonard,Bottby,4/27/2021
557,Garrett,Pellatt,9/23/2021
558,Herb,D'Ambrogi,6/15/2021
559,Julian,Gatteridge,8/29/2021
560,Pembroke,Errichelli,11/20/2021
561,Kinny,Sappy,9/24/2021
562,Andreana,Vischi,7/2/2021
563,Debbi,Ferrer,10/15/2021
564,Seka,Handrok,10/10/2021
565,Dante,Troppmann,12/6/2021
566,Jobye,Simoes,6/16/2021
567,Mindy,Bernadzki,10/31/2021
568,Jud,MacKereth,12/31/2021
569,Aile,Rozenbaum,10/11/2021
570,Kally,Gateshill,5/25/2021
571,Fonzie,Ronayne,12/22/2021
572,Jillian,Bertelet,3/31/2021
573,Aubert,Mc Menamin,10/26/2021
574,Fenelia,Walkington,1/4/2022
575,Chico,Leale,1/10/2022
576,Antoine,Comelli,12/10/2021
577,Payton,Body,7/13/2021
578,Elisabeth,Capron,5/13/2021
579,Todd,Karpychev,1/27/2022
580,Emmeline,Aherne,8/9/2021
581,Ariela,Colebrook,8/4/2021
582,Malissia,Hinkensen,10/30/2021
583,Hynda,Baudins,8/25/2021
584,Anabella,Yanele,3/12/2022
585,Raimundo,Pepperill,11/10/2021
586,Ayn,Toderini,7/7/2021
587,Joni,Brockest,1/10/2022
588,Norbie,Kiraly,10/26/2021
589,Barbee,Fenimore,3/6/2022
590,Alford,Seabrook,10/30/2021
591,Haven,Blondelle,1/27/2022
592,Dyna,Rippon,6/21/2021
593,Ophelia,Petriello,4/15/2021
594,Rudiger,Grahlman,12/31/2021
595,Massimo,Bilborough,12/2/2021
596,Moe,Fumagalli,7/23/2021
597,Linea,Cardiff,2/6/2022
598,Lucienne,Trim,2/13/2022
599,Danya,Poltun,8/25/2021
600,Brenn,Anderbrugge,7/24/2021
601,Zilvia,Wallach,2/19/2022
602,Gert,Germaine,4/27/2021
603,Adina,Hartopp,5/28/2021
604,Carry,Dykins,10/19/2021
605,Mylo,Taffarello,1/9/2022
606,Celie,Newick,6/1/2021
607,Felicio,Muneely,3/5/2022
608,Hannis,Jarry,12/8/2021
609,Elias,Pretley,7/31/2021
610,Cissy,De Pero,5/22/2021
611,Hilario,Kalker,3/19/2022
612,Far,Basford,8/19/2021
613,Margarete,Thonger,4/1/2021
614,Maible,Mayall,12/12/2021
615,Neils,Kellen,9/15/2021
616,Edd,Twiggins,7/31/2021
617,Sanderson,Minister,4/5/2021
618,Nannie,Merrikin,4/17/2021
619,Henrie,Falck,3/16/2022
620,Shannon,Brinson,8/4/2021
621,Jenny,Dolby,11/8/2021
622,Quinton,Romagnosi,9/7/2021
623,Madelin,Gorham,12/7/2021
624,Darrel,Alldritt,2/1/2022
625,Arline,Pawlett,8/16/2021
626,Dannye,Merriman,12/12/2021
627,Caresa,Cuniam,8/22/2021
628,Jenifer,Kennewell,3/18/2022
629,Dacey,Aylott,5/28/2021
630,Harrie,Cansdale,10/8/2021
631,Cammi,Moffat,9/25/2021
632,Toiboid,Sheed,3/25/2021
633,Shanda,Menaul,12/4/2021
634,Neil,Pallasch,8/23/2021
635,Jermaine,Pindar,1/13/2022
636,Curran,Jeacocke,1/30/2022
637,Merrile,Stoakley,9/19/2021
638,Corry,Mahaffey,10/23/2021
639,Gabriela,Pietesch,6/16/2021
640,Melisent,Elldred,8/23/2021
641,Craggy,Prescote,8/17/2021
642,Winona,Gleder,10/4/2021
643,Seka,Duffell,2/17/2022
644,Luisa,Haigh,12/19/2021
645,Hortense,Standbrooke,6/14/2021
646,Max,Teas,5/20/2021
647,Sheffield,Konrad,6/27/2021
648,Roselin,Chapier,8/23/2021
649,Gaven,Airey,10/26/2021
650,Camey,Poytres,9/28/2021
651,Yank,Orgel,2/18/2022
652,Alexandro,Krolle,10/21/2021
653,Gordie,Simoes,9/29/2021
654,Ricky,Torrent,2/8/2022
655,Albertine,Shellum,3/5/2022
656,Iorgo,Scrauniage,1/24/2022
657,Elvis,Argabrite,2/12/2022
658,Tobin,Kinworthy,8/11/2021
659,Michale,Mustill,6/25/2021
660,Hercule,Lequeux,9/13/2021
661,Nickey,Cotta,8/5/2021
662,Mercy,Langford,6/4/2021
663,Shirlee,Skivington,12/10/2021
664,Tadd,Llopis,7/31/2021
665,Averil,Cliss,7/4/2021
666,Berenice,Sciacovelli,10/6/2021
667,Barbey,Luc,6/27/2021
668,Wilek,Croy,2/6/2022
669,Christin,Levensky,6/20/2021
670,Hestia,Siggin,2/23/2022
671,Hillery,Siaskowski,12/31/2021
672,Nancie,Edgell,7/19/2021
673,Ainslee,Butchard,8/13/2021
674,Luigi,Vankov,8/9/2021
675,Lindon,Mil,7/24/2021
676,Georgie,Syder,8/13/2021
677,Darlene,Maclaine,10/6/2021
678,Gamaliel,McSparran,7/30/2021
679,Joycelin,Dudson,7/11/2021
680,Diane-marie,Jaquemar,2/26/2022
681,Anatole,Cotgrave,6/2/2021
682,Dulcine,Gayne,6/1/2021
683,Ozzie,Teresia,4/28/2021
684,Shayne,Catto,11/20/2021
685,Lew,Endrici,4/1/2021
686,Griffie,Ganny,1/30/2022
687,Libbey,Kilgallon,9/3/2021
688,Daphna,Le Lievre,4/27/2021
689,Wilona,Cullon,4/3/2021
690,Yardley,Gould,5/15/2021
691,Maurita,Pauwel,12/26/2021
692,Arnoldo,Wyeth,5/26/2021
693,Jammal,Wardrop,2/23/2022
694,Dian,Nottram,12/10/2021
695,Louella,Gosson,11/8/2021
696,Windham,Browne,9/10/2021
697,Osmund,Lupton,7/15/2021
698,Raphael,Moulsdale,7/29/2021
699,Theresa,Woodgate,6/18/2021
700,Jenifer,Di Ruggero,3/2/2022
701,Maddy,Rounds,1/29/2022
702,Lane,Gleder,10/16/2021
703,Ricca,Eade,2/5/2022
704,Vania,Dudliston,5/11/2021
705,Ellwood,Hallgarth,12/17/2021
706,Risa,Lillow,9/16/2021
707,Freemon,Eyrl,9/14/2021
708,Joellen,Yerrill,1/21/2022
709,Tawsha,Sheehan,6/26/2021
710,Merry,Quiddihy,2/17/2022
711,Jules,Berriball,4/10/2021
712,Mercy,Duckham,10/20/2021
713,Benyamin,Wrotchford,4/8/2021
714,Rodi,Antoniou,9/21/2021
715,Ferdie,Waud,5/18/2021
716,Tony,Padbery,1/7/2022
717,Nadeen,Mearns,5/25/2021
718,Casey,Vanner,3/22/2021
719,Marten,Meneghelli,12/5/2021
720,Joshuah,Blaisdell,7/20/2021
721,Sayre,Johananov,3/2/2022
722,Silvio,Lainton,12/28/2021
723,Georas,Creddon,11/22/2021
724,Salvidor,Biggadyke,6/20/2021
725,Warren,Kares,8/9/2021
726,Erina,Tutin,1/30/2022
727,Genny,Grisdale,7/1/2021
728,Sheila-kathryn,De Ruggiero,3/14/2022
729,Brion,Pady,3/20/2022
730,Wald,Randales,6/2/2021
731,Lucia,Droghan,11/16/2021
732,Andy,Tregear,7/4/2021
733,Lemuel,Carpmile,10/8/2021
734,Eartha,Burlingame,4/12/2021
735,Rubetta,Moreinis,8/21/2021
736,Jonie,Wathan,5/16/2021
737,Hamlin,Columbine,10/21/2021
738,Hart,Bredee,11/19/2021
739,Oralie,Lockier,5/1/2021
740,Kerby,Sustin,4/1/2021
741,Bella,Laffin,9/4/2021
742,Tiphanie,Sauven,3/4/2022
743,Bradney,Coady,12/15/2021
744,Lillis,Reide,6/18/2021
745,Debbi,Baudassi,6/3/2021
746,Juan,Trusdale,4/12/2021
747,Leland,Alliston,7/30/2021
748,Filberte,Kensett,2/4/2022
749,Frannie,Fidge,5/13/2021
750,Benedict,Frean,5/4/2021
751,Bethena,Bonson,10/4/2021
752,Roch,Jenton,8/22/2021
753,Gabrila,McNeilly,12/1/2021
754,Britte,Surman,5/25/2021
755,Katheryn,Wardlaw,7/20/2021
756,Freedman,Franzolini,1/10/2022
757,Efrem,Tripett,8/15/2021
758,Cassandre,Lecount,12/29/2021
759,Maybelle,Jolly,4/10/2021
760,Damita,Faucherand,8/1/2021
761,Kippie,Bolter,9/3/2021
762,Tom,Askwith,1/8/2022
763,Laryssa,Burness,4/4/2021
764,Kiri,Ovesen,9/2/2021
765,Harv,Boyer,12/28/2021
766,Faber,Mathen,11/22/2021
767,Dynah,Rawsthorn,9/4/2021
768,Inesita,Cranna,8/22/2021
769,Pen,Sankey,12/31/2021
770,Carlin,Bullough,4/22/2021
771,Therine,de Nore,9/28/2021
772,Irina,Tetther,6/18/2021
773,Gusta,Wilse,9/8/2021
774,Martguerita,Welman,2/7/2022
775,Trudi,Exley,1/8/2022
776,Johan,Juden,1/16/2022
777,Bendite,Attril,4/5/2021
778,Perle,Venney,4/28/2021
779,Cass,Mossdale,7/24/2021
780,Krisha,Kyllford,11/28/2021
781,Giustino,Feldstein,4/21/2021
782,Shani,Martinelli,1/14/2022
783,Jillene,Crebo,10/20/2021
784,Ludwig,Georgeson,1/28/2022
785,Ros,Vallentin,10/24/2021
786,Cass,Stoddart,6/9/2021
787,Johnath,Hall-Gough,12/21/2021
788,Marmaduke,Placidi,7/23/2021
789,Ericka,Bousquet,6/18/2021
790,Roxane,Stanley,4/2/2021
791,Evie,Tortoishell,7/22/2021
792,Susan,Vergine,8/28/2021
793,Luci,Izsak,7/2/2021
794,Cammie,Knapper,12/20/2021
795,William,Teape,8/1/2021
796,Derwin,Jenicek,9/15/2021
797,Rosabelle,Dawidowicz,6/1/2021
798,Heall,Bosdet,10/24/2021
799,Katerina,Iacopini,4/26/2021
800,Petra,Lodevick,1/28/2022
801,Gale,Barthelet,2/13/2022
802,Sher,Schelle,7/28/2021
803,Moises,Curran,6/18/2021
804,Ilyse,Dell'Abbate,3/3/2022
805,Gris,Murison,7/7/2021
806,Idaline,Davidzon,3/1/2022
807,Jonathon,Parzis,12/22/2021
808,Ronda,Marquet,11/11/2021
809,Tuesday,Rohmer,10/15/2021
810,Sigfrid,Murrill,6/26/2021
811,Stormi,Knappitt,5/19/2021
812,Shannon,Cabane,12/7/2021
813,Bathsheba,Knight,8/27/2021
814,Jaquenette,Bawle,10/28/2021
815,Constancy,Borrell,4/5/2021
816,Waylen,Windle,10/24/2021
817,Guido,Hanner,12/2/2021
818,Garrard,Perton,7/25/2021
819,Jamal,Hearson,7/6/2021
820,Kassi,Bedinn,10/20/2021
821,Myrvyn,Cuchey,1/2/2022
822,Sylvia,Phoebe,5/11/2021
823,Immanuel,Feyer,6/1/2021
824,Selinda,Bellsham,3/20/2022
825,Mano,Dymock,7/25/2021
826,Cherey,Hewins,2/21/2022
827,Man,Grane,12/12/2021
828,Aila,Moodie,9/27/2021
829,Talbert,Yaakov,9/1/2021
830,Avivah,Srawley,3/24/2021
831,Darell,Breach,4/12/2021
832,Perren,Grigorkin,8/31/2021
833,Lynnett,Linny,6/23/2021
834,Luella,Clarke-Williams,5/1/2021
835,Marlena,Bergstram,8/11/2021
836,Tanhya,Davet,3/31/2021
837,Renata,Duffin,3/28/2021
838,Trish,Wakelin,10/16/2021
839,Niels,McKenzie,5/12/2021
840,Paule,Leonard,8/8/2021
841,Cacilia,Files,3/22/2021
842,Everard,Lowseley,8/23/2021
843,Ware,Blas,5/1/2021
844,Willabella,Manifold,8/26/2021
845,Quincy,Burne,2/15/2022
846,Forest,Troup,12/14/2021
847,Darline,Pitson,6/24/2021
848,Rodolph,Kenewell,10/9/2021
849,Ingunna,Mendez,3/2/2022
850,Rhodia,Cleiment,12/19/2021
851,Monique,Winear,4/3/2021
852,Chantal,Fitzharris,10/15/2021
853,Rosy,Webben,7/29/2021
854,Hermy,Kernoghan,11/4/2021
855,Cassius,Izzard,7/12/2021
856,Latrena,Setter,6/11/2021
857,Gilles,Towe,4/12/2021
858,Colene,Aslie,10/22/2021
859,Darla,McIlvaney,4/18/2021
860,Denice,Andrini,12/30/2021
861,Ronni,Benford,12/27/2021
862,Joete,Kyston,4/7/2021
863,Edy,Vincent,5/4/2021
864,Ramsay,Boots,9/26/2021
865,Herminia,Beakes,6/19/2021
866,Pooh,Knapp,5/16/2021
867,Levy,Tiddy,7/6/2021
868,Shawn,Milham,11/22/2021
869,Tuesday,McQuarter,12/6/2021
870,Willetta,Acarson,8/9/2021
871,Merrie,Maffi,2/26/2022
872,Rick,Heckner,1/1/2022
873,Nonie,Langsdon,12/27/2021
874,Alf,Puddle,5/24/2021
875,Skye,Sherme,5/14/2021
876,Omero,Nairy,10/19/2021
877,Nicola,Tolman,2/28/2022
878,Alexia,Crosen,10/20/2021
879,Shirleen,Scanlon,4/21/2021
880,Ailyn,Dibsdale,8/22/2021
881,Viole,Kummerlowe,10/18/2021
882,Grace,O'Reilly,11/27/2021
883,Chrotoem,Dayment,11/6/2021
884,Phoebe,Guiton,9/10/2021
885,Tan,Greenhough,2/1/2022
886,Emlynne,Kalinsky,10/24/2021
887,Johannes,Charteris,8/18/2021
888,Tymothy,Riccardo,3/16/2022
889,Eva,Rochford,3/23/2021
890,Cassandra,Thursfield,9/25/2021
891,Sofie,Hoff,11/16/2021
892,Miles,Moyes,9/10/2021
893,Klarika,Rolstone,2/10/2022
894,Eachelle,Redolfi,5/18/2021
895,Kellyann,Verson,1/10/2022
896,Anjela,Altham,3/21/2022
897,Ganny,Panting,9/15/2021
898,Millisent,Primo,3/7/2022
899,Jackqueline,Jolliff,6/26/2021
900,Bail,Belf,9/12/2021
901,Tomkin,Scanes,1/15/2022
902,Dania,Hillum,6/13/2021
903,Nico,Petrelli,6/9/2021
904,Patti,Peskin,1/25/2022
905,Hanna,Pfertner,8/27/2021
906,Frederico,Tolomei,10/10/2021
907,Janet,Phorsby,7/8/2021
908,Scott,Keenan,10/19/2021
909,Pattie,Gourdon,2/6/2022
910,Nichols,Wehnerr,4/15/2021
911,Yard,Brice,10/23/2021
912,Regen,Tumioto,7/4/2021
913,Haywood,Buye,10/10/2021
914,Cris,Pitcher,5/3/2021
915,Henrie,Garfield,6/17/2021
916,Luise,Lewtey,4/5/2021
917,Upton,Gerdts,12/18/2021
918,Layla,Males,11/3/2021
919,Derril,Clere,1/8/2022
920,Rubi,Jannasch,7/6/2021
921,Glad,Lourens,11/5/2021
922,Daveen,Langstone,12/1/2021
923,Jaymee,McGarahan,4/9/2021
924,Virginie,Figurski,6/10/2021
925,Benny,Boame,6/21/2021
926,Ora,Amey,1/3/2022
927,Rudolfo,Gibbonson,7/27/2021
928,Lauri,Bucklan,10/27/2021
929,Alair,Waddoups,2/24/2022
930,Archie,Haslum,5/19/2021
931,Pail,Firbanks,6/21/2021
932,Gael,Perrinchief,3/27/2021
933,Shirl,Moule,1/21/2022
934,Langsdon,Trimmill,5/24/2021
935,Leora,Rushbury,3/19/2022
936,Cecile,Whinray,11/20/2021
937,Sid,Heald,9/17/2021
938,Garrek,Hadkins,5/21/2021
939,Simone,Di Ruggiero,9/30/2021
940,Udale,Petters,3/19/2022
941,Devondra,Dahmke,4/13/2021
942,Tania,Leverton,9/23/2021
943,Fionnula,Wolstencroft,11/20/2021
944,Meier,Issacoff,10/10/2021
945,Bay,Stalf,12/17/2021
946,Kevina,Jewes,8/5/2021
947,Skippy,Eloi,4/14/2021
948,Ulick,Castagne,7/15/2021
949,Dyan,Antoniak,3/5/2022
950,Tamarah,McMorland,11/3/2021
951,Lamont,Allred,1/13/2022
952,Eduard,Goldsbrough,4/29/2021
953,Jere,Amner,11/8/2021
954,Lurline,McKennan,4/16/2021
955,Elfrieda,Maton,12/30/2021
956,Allina,Winley,3/19/2022
957,Cornelle,Willicott,10/20/2021
958,Ange,Kantor,1/27/2022
959,Kalvin,Spittle,9/11/2021
960,Jamil,Ridde,3/1/2022
961,Babita,Boddie,8/28/2021
962,Colly,Boij,2/24/2022
963,Beverley,Lansberry,8/15/2021
964,Lyn,Marini,6/30/2021
965,Wain,Falkner,10/27/2021
966,Cherlyn,Allright,2/3/2022
967,Lalo,Knath,5/19/2021
968,Gordon,Dacca,9/16/2021
969,Delphinia,Sherringham,8/22/2021
970,Heidie,Stoppard,12/18/2021
971,Gabriell,Pavolillo,11/10/2021
972,Myranda,Flower,8/3/2021
973,Randene,Coppock.,3/4/2022
974,Zelda,Floyde,8/1/2021
975,Clemmie,Hebblewaite,10/10/2021
976,Delia,Drennan,4/11/2021
977,Warren,Kingsnoad,10/12/2021
978,Cherice,Bruni,8/14/2021
979,Marcille,Jewitt,11/3/2021
980,Carmine,Southouse,3/11/2022
981,Gerty,Lanktree,12/30/2021
982,Cynthea,Frondt,3/27/2021
983,Toddie,McRory,12/25/2021
984,Zebadiah,Dowles,6/30/2021
985,Arny,Oakly,12/16/2021
986,Vincenz,Macilhench,12/4/2021
987,Olivero,Biles,4/12/2021
988,Stephen,Ownsworth,8/26/2021
989,Daisi,Karlmann,4/2/2021
990,Angus,Lacrouts,1/13/2022
991,Ozzie,Mateiko,8/19/2021
992,Bobette,Goodin,12/12/2021
993,Liane,Brownlee,7/31/2021
994,Eleonore,Trayes,2/12/2022
995,Clerkclaude,Burnsell,6/17/2021
996,Terrijo,Mollitt,10/30/2021
997,Rosemaria,Zanni,12/5/2021
998,Miles,Goodspeed,1/14/2022
999,Cherida,Sleightholme,7/19/2021
1000,Clarey,Mylechreest,6/22/2021
