id,first_name,last_name,Address,Country
1, Veronike,Clibbery ,04 Ilene Terrace,Benin
2,Rolph ,Karet ,43 Comanche Way,Canada
3,Cully ,Tuppeny,006  Petterle Way,Indonesia
4, Malissia,Wombwell,2973 Melody  Hill,Czech Republic
5, Chrissie,Philott,05 Lillian   Street,China
6,Neils,Sottell,23 Shoshone Place,United Kingdom
7,Nigel,Chesworth,3283 Talmadge Terrace,Italy
8,Maximilian,Simmance,8 Farwell Alley,Russia
9,Godfrey,Sloane,9 Ridge Oak Way,China
10,Tabby,Nutbeam,3021 Birchwood Circle,China
11,Arther,Sheivels,211 Badeau Place,Indonesia
12,Tabitha,Dureden,612 Truax Alley,Mexico
13,Town,Nevison,98 Schurz Plaza,Bulgaria
14,Rosanne,Berg,6 Rockefeller Point,Portugal
15,Damiano,Musicka,5400 Hovde Drive,Palestinian Territory
16,Tedra,Van Oord,48 Onsgard Center,South Korea
17,Deanne,Vasyutochkin,7313 1st Court,Guatemala
18,Rozanna,MacPaik,8 Bay Junction,United States
19,Kimbra,Tames,44071 Charing Cross Crossing,Canada
20,Monroe,Byrne,807 Riverside Point,Slovenia
21,Hedda,Baynom,15 Debra Avenue,Japan
22,Frazier,Wabersinke,71093 Lake View Circle,China
23,Vinson,Lyes,43 Hovde Plaza,Indonesia
24,Cherice,de Villier,8965 Golf Course Junction,Sudan
25,Gregoor,Jennison,3 Spohn Park,Serbia
26,Bogart,Chicchelli,19 Prentice Avenue,Brazil
27,Virge,Pandya,9607 Blaine Point,Japan
28,Terra,Harme,67 Linden Trail,Poland
29,Lia,Busain,56680 Nelson Center,Ukraine
30,Kissie,Glandfield,8166 Eagan Lane,Oman
31,Nanice,Cheale,25688 Prairie Rose Plaza,Sweden
32,Norby,Lapenna,05 Superior Crossing,Brazil
33,Micky,Schukert,2 Sycamore Junction,Philippines
34,Bellanca,Wressell,617 Golden Leaf Plaza,Egypt
35,Abran,Rzehorz,30694 Mccormick Park,Indonesia
36,Audi,Matyushkin,561 Sullivan Crossing,France
37,Celle,Gemmell,2 6th Avenue,Japan
38,Mitzi,Debold,01 West Park,China
39,Damiano,Prichet,3 Bunker Hill Crossing,United States
40,Merry,Hitschke,0 Dennis Court,France
41,Francine,Beet,86 Graceland Park,Yemen
42,Avram,Lintill,42145 Golf View Terrace,United States
43,Mayne,Lisciardelli,38144 Melody Point,Yemen
44,Noll,Crannell,15 Manley Terrace,Ecuador
45,Montague,Ingledow,12030 Eagan Street,Poland
46,Mickie,O'Regan,723 Logan Junction,Indonesia
47,Lennard,Pochet,20 Sunfield Avenue,Thailand
48,Scottie,Crippen,6560 Green Place,Luxembourg
49,Katerina,Hackin,97 Esch Point,China
50,Hershel,Stilly,50887 Banding Circle,Hungary
51,Minetta,Michel,491 Moose Lane,Indonesia
52,Orazio,Mitchenson,48 Dryden Lane,Indonesia
53,Bartholomew,Ivanishchev,8 Lillian Center,Japan
54,Normand,McCorrie,561 Debs Hill,China
55,Levy,Casbourne,3990 Amoth Court,Nigeria
56,Livvy,Giffard,2 Annamark Plaza,Philippines
57,Eadie,Havenhand,60 Rockefeller Alley,Syria
58,Kaitlyn,Harnes,5 Declaration Plaza,Iran
59,Maura,Dougherty,6529 Clemons Terrace,Brazil
60,Jonah,Gatsby,6019 Old Shore Center,Germany
61,Holden,Macourek,51489 Arizona Plaza,Iran
62,Row,Coare,22017 Sloan Center,Peru
63,Anabella,Lievesley,40250 Spohn Place,Colombia
64,Edwina,Leyban,38 Bobwhite Place,Burkina Faso
65,Toby,Gladebeck,5611 Meadow Valley Terrace,Luxembourg
66,Darsey,Cesaric,2 Parkside Place,Philippines
67,Peyton,Daton,60146 Schiller Crossing,South Korea
68,Joane,Lishman,2102 Twin Pines Parkway,Philippines
69,Wendi,Biford,88365 Little Fleur Park,Vietnam
70,Ines,Gregine,6370 Reinke Park,China
71,Abe,Wressell,1714 Rigney Avenue,Norway
72,Tanya,Hampson,91121 Armistice Hill,Mongolia
73,Clerc,Ruxton,5891 Butternut Alley,Russia
74,Oralie,Westfalen,05081 Bowman Lane,Czech Republic
75,Kay,Elph,32995 Ohio Lane,Philippines
76,Catriona,Ludlam,4 Mosinee Point,Venezuela
77,Melamie,Gradly,633 Springs Lane,France
78,Maryann,Klamman,5 Elka Park,Indonesia
79,Phineas,Devany,3797 Monument Avenue,Indonesia
80,Dyann,Cleugher,540 Golden Leaf Alley,Peru
81,Byron,Heimann,796 Daystar Circle,Palestinian Territory
82,Winnifred,Capron,59871 Springview Plaza,China
83,Mia,Gainor,1 Monument Alley,Philippines
84,Burlie,McComish,2709 Norway Maple Trail,Poland
85,Valentia,Chippendale,512 Forest Junction,Canada
86,Susanna,Sallis,42 Packers Terrace,Mexico
87,Miof mela,Overnell,056 Becker Circle,Philippines
88,Kala,Spurgeon,40 Delladonna Avenue,Sweden
89,Tabatha,Woodison,066 Milwaukee Pass,Brazil
90,Jerrie,Borrel,43976 Buena Vista Parkway,Slovenia
91,Johanna,Esley,7 Moland Drive,Kazakhstan
92,Edwin,Early,077 Golden Leaf Center,Russia
93,Saxon,De Giovanni,80275 6th Court,Poland
94,Demetri,Gladdor,5603 Jenna Parkway,Czech Republic
95,Fidelio,Yockley,12524 Schmedeman Alley,Serbia
96,Bay,Berthomieu,11 Anzinger Alley,Panama
97,Walton,Betty,177 Del Mar Hill,Portugal
98,Olenka,Thraves,317 Stone Corner Point,Slovenia
99,Garth,Ferrey,2 Mendota Trail,Russia
100,Sheila,Pedron,63 West Court,Comoros
101,Fedora,Cleminshaw,04 Waywood Parkway,Israel
102,Janice,Diloway,77 Hallows Way,Colombia
103,Rochella,Padefield,92 Lotheville Lane,Colombia
104,Bernelle,Kinkaid,8158 Melby Avenue,China
105,Vale,Torre,91057 Basil Plaza,Uruguay
106,Sigmund,Cuttelar,00 Dwight Place,Portugal
107,Ardella,Wilderspoon,01381 Loeprich Drive,Indonesia
108,Cari,Frankiewicz,03068 1st Plaza,Indonesia
109,Cole,Thomassen,8619 Gale Terrace,Peru
110,Kordula,Gadie,215 Eliot Point,Chile
111,Beverie,Formby,9 Grasskamp Junction,Poland
112,Eduino,Leak,080 Northridge Hill,Mongolia
113,Fayina,Wisniewski,09451 Del Mar Place,China
114,Dione,Esland,0 Bartelt Lane,Philippines
115,Amaleta,Rockliffe,5089 Burrows Park,China
116,Marcelo,Addenbrooke,1113 Hagan Park,Philippines
117,Urbanus,Ferronel,43317 Union Trail,China
118,Isidore,Tosney,6709 Mccormick Avenue,Democratic Republic of the Congo
119,Biddie,Vossgen,30 Dixon Crossing,Russia
120,Kata,Starkey,90 Forest Plaza,Ukraine
121,Jonie,Balme,18142 Colorado Center,Dominican Republic
122,Donnie,Sergean,6 Golf Course Place,China
123,Ella,Mapes,65892 Jana Plaza,Philippines
124,Bev,Haughton,601 Fieldstone Court,Bangladesh
125,Clarinda,Haskett,7375 Riverside Place,Philippines
126,Tova,Hasell,3022 Algoma Lane,Nigeria
127,Clemens,Richardin,3731 Ramsey Court,Morocco
128,Fitzgerald,Fearneley,6829 Hayes Way,Mexico
129,Molli,Orta,0843 La Follette Plaza,Philippines
130,Filia,Dulton,2 Boyd Trail,United States
131,Norah,Barehead,98 Moulton Circle,Philippines
132,Deidre,Antoniat,1810 Holy Cross Drive,Philippines
133,Celene,Kelberman,8 Prairie Rose Pass,Japan
134,Crystal,Ruddiforth,0 Towne Alley,Thailand
135,Aurilia,Sails,65633 Hoard Terrace,France
136,Meaghan,Vasile,18 Jana Circle,China
137,Maridel,Beddon,82 Bartillon Center,China
138,Junina,Maha,71 Kings Lane,Ecuador
139,Collin,Skevington,1160 Del Mar Drive,Albania
140,Gordan,Claypole,195 Lerdahl Court,Iran
141,Eveleen,Obispo,723 Walton Pass,Brazil
142,Jessalyn,Tokell,8 Del Sol Avenue,Syria
143,Amata,Cresswell,65168 Londonderry Court,Indonesia
144,Alice,Bernaldo,3677 Stuart Avenue,Hungary
145,Marrissa,Coombs,6 Southridge Street,China
146,Egbert,Skews,66464 Colorado Street,Central African Republic
147,Barthel,Riddle,30286 Parkside Point,China
148,Drusilla,Rignold,5753 Union Place,Indonesia
149,Deedee,Samett,44380 Hauk Alley,Togo
150,Irma,Poor,2815 Derek Drive,China
151,Bryce,Lark,341 Sachs Avenue,Portugal
152,Zelma,Radloff,191 Riverside Center,Canada
153,Sheeree,Krysiak,12 Dottie Plaza,Sweden
154,Dwight,Deem,8282 Talisman Alley,United States
155,Carlina,Walenta,78203 Laurel Circle,China
156,Danika,Toke,06 Anderson Junction,Indonesia
157,Boyce,Jobson,3017 Mendota Drive,Indonesia
158,Pablo,McEwan,20083 Kings Circle,Vietnam
159,Ban,Swaffield,04 Oneill Point,China
160,Rubetta,Gye,96 Chinook Drive,Cuba
161,Meryl,Rodenburgh,7 Summit Plaza,Ukraine
162,Iosep,Leversuch,132 Moose Plaza,Sweden
163,Muire,Garrold,926 Namekagon Hill,Russia
164,Gertrude,Janosevic,14302 Ruskin Way,Brazil
165,Tammara,Spawforth,7641 Susan Parkway,Egypt
166,Renate,Ghelardoni,10 Anniversary Trail,Philippines
167,Blondelle,Staig,7065 Pepper Wood Trail,Tanzania
168,Ignatius,Lyons,14495 Messerschmidt Park,Armenia
169,Adora,Parriss,65 Clarendon Alley,Serbia
170,Ericha,Whiley,3 Grayhawk Park,Samoa
171,Duky,Wetherill,39554 Blaine Place,China
172,Kore,Mote,38883 Lunder Point,China
173,Curtis,Hattigan,160 Raven Circle,Brazil
174,Dianna,Read,18 Kim Way,China
175,Angelia,Helleker,53 Sundown Junction,Guatemala
176,Agnese,Cowerd,5 Golf Plaza,Iran
177,Maximo,Zincke,881 Myrtle Park,Egypt
178,Siward,Jessen,27820 Londonderry Alley,United States
179,Laurice,Silbersak,6352 Shelley Junction,Ireland
180,Torrance,Handsheart,44976 Atwood Street,Tunisia
181,Erik,Skells,13808 Kipling Way,China
182,Kristal,Fleay,835 Katie Court,Colombia
183,Stanleigh,Kleine,39725 Parkside Hill,Philippines
184,Pearl,Lineham,9 Petterle Center,Thailand
185,Gibby,Sirrell,8069 Moulton Pass,Portugal
186,Malia,Jesteco,29354 Waxwing Way,Venezuela
187,Kalle,Greason,9 Hollow Ridge Crossing,Portugal
188,Marcelia,Maffi,46690 Gina Plaza,China
189,Hale,Portam,158 Northfield Lane,China
190,Adriana,Bird,76 Merry Road,Yemen
191,Nettle,Emney,9 Village Green Circle,Indonesia
192,Enrica,Deaves,2828 Everett Junction,Portugal
193,Hillery,Edgerton,5436 Maple Road,Indonesia
194,Alaine,Brinkley,2 Morning Street,Czech Republic
195,Belicia,Bonnyson,045 Loeprich Alley,Czech Republic
196,Isabel,Bowcher,92 Schmedeman Avenue,Spain
197,Gus,Brinded,395 Holy Cross Trail,Peru
198,Valentia,Steutly,28 Parkside Parkway,Brazil
199,Vince,Warder,80 Brown Trail,Uganda
200,Rubetta,Rolfini,29476 Welch Way,France
201,Barrie,Halversen,67 Manitowish Drive,China
202,Wainwright,Cruse,85864 Kim Court,Indonesia
203,Ellynn,Harradine,664 East Hill,Russia
204,Adolpho,MacNeilley,777 Spohn Road,Brazil
205,Xaviera,Sutton,6320 Northfield Center,Philippines
206,Merwyn,Ellor,4 Schurz Avenue,Venezuela
207,Haily,Seldon,57 Hagan Alley,Laos
208,Verla,Everton,26244 Northport Park,Russia
209,Lonna,Pegrum,8 Forest Run Terrace,China
210,Andre,Glenwright,54564 Declaration Center,Philippines
211,Cornie,Angerstein,02878 Sommers Place,Israel
212,Kirby,Shelf,4851 Arizona Pass,Philippines
213,Eveline,Farris,5 Hollow Ridge Drive,Morocco
214,Antonie,Cremins,6119 Quincy Terrace,Sweden
215,Carena,Hischke,4363 Katie Road,Uzbekistan
216,Margy,Veregan,76 Waywood Park,China
217,Jenni,Cron,65267 Katie Plaza,Puerto Rico
218,Pauly,Hyndson,83602 1st Court,Pakistan
219,Janifer,Gilbart,1160 Anderson Hill,France
220,Marylynne,Clawe,407 Golf View Junction,Tajikistan
221,Peter,Craigheid,4701 Debs Road,Czech Republic
222,Ingeborg,Letterese,463 Del Sol Drive,Niger
223,Erek,Matresse,579 Morning Park,Morocco
224,Brinn,Pattinson,573 Goodland Drive,Russia
225,Nichole,Fossey,451 Farragut Crossing,Greece
226,Marji,McGrady,6 Cherokee Alley,Germany
227,Evonne,Luke,17 Declaration Terrace,Czech Republic
228,Maurise,Chaudron,4 Moland Terrace,Indonesia
229,Arley,Buckenham,93107 Parkside Center,Indonesia
230,Loella,Haselden,76 Bayside Hill,Poland
231,Sile,Molloy,89 Division Point,France
232,Billie,Whitham,12 Eastlawn Park,Indonesia
233,Merrill,Moroney,91036 Magdeline Alley,Norway
234,Lynde,Larham,86960 Gale Junction,Sweden
235,Suzette,Pirazzi,27360 Sage Court,Canada
236,Aharon,Maskelyne,31 Arizona Court,China
237,Tanya,Choke,23 Rieder Plaza,Russia
238,Patricio,Kitchener,9 Eggendart Junction,China
239,Minni,Connick,63124 Cordelia Point,United States
240,Frederic,Pavelin,51080 Old Shore Point,China
241,Milicent,Bahde,84 Knutson Junction,China
242,Colby,Edgett,9 Nova Park,Poland
243,Melvyn,Dreelan,794 Maple Crossing,China
244,Zita,Cohani,62970 Monica Center,South Africa
245,Anastasia,Betchley,546 Birchwood Avenue,Pakistan
246,Titos,Motherwell,16 Hanson Plaza,United States
247,Lona,Bohan,2835 David Circle,Venezuela
248,Powell,Torbet,88367 Rutledge Drive,Ukraine
249,Christiana,Mennear,5087 Caliangt Road,Sweden
250,Emmet,Jupe,6 American Avenue,Denmark
251,Johan,Odom,23 3rd Point,Russia
252,Delmer,Murty,4045 Crowley Road,Japan
253,Maximilian,Hattrick,1 Sunfield Road,China
254,Siana,Grover,89919 Petterle Street,Japan
255,Mariska,Copnell,70840 Sundown Way,Portugal
256,Gerick,Banting,4536 Magdeline Trail,Indonesia
257,Yolande,Ugoletti,8 Susan Circle,Spain
258,Emmeline,Pendry,37 Fremont Hill,France
259,Otha,Jonah,53143 Nelson Circle,Indonesia
260,Abigale,Thornton,0166 Memorial Park,Afghanistan
261,Reinold,Broker,2819 Rusk Plaza,South Sudan
262,Doti,Addlestone,8 Sunbrook Road,Colombia
263,Igor,Girardoni,96 Old Gate Street,Saudi Arabia
264,Lucia,Raincin,51341 Clemons Junction,Sweden
265,Bailie,Kick,828 Gerald Center,United States
266,Molly,Cootes,705 Packers Crossing,United States
267,Truman,McGinney,2 Mockingbird Road,Myanmar
268,Ellary,Matiebe,8718 Cascade Parkway,China
269,Ainsley,Whittingham,9570 Stang Parkway,Georgia
270,Rosaline,Foyle,9 Fuller Trail,Philippines
271,Chrisse,Buchanan,1363 Red Cloud Plaza,Indonesia
272,Dana,Defrain,962 Fair Oaks Plaza,Netherlands
273,Hailey,Hamfleet,1971 Messerschmidt Drive,Greece
274,Brit,Rawcliff,72 Pierstorff Street,Vietnam
275,Rodina,Hardwick,17 Mendota Circle,Indonesia
276,Winni,Parmby,2803 Florence Crossing,Indonesia
277,Carolin,Eppson,10 Kinsman Street,China
278,Chicky,Wellings,27272 Brown Trail,China
279,Haleigh,Hambric,14726 Elgar Terrace,Norway
280,Kalindi,Orys,009 Thompson Parkway,Philippines
281,Farley,Dennes,06 Myrtle Plaza,China
282,Lev,Pilmer,7 Crest Line Parkway,China
283,Hall,Haberfield,42706 Cordelia Center,Venezuela
284,Loise,Meadows,9230 Eliot Lane,Italy
285,Robb,Domeny,974 Elgar Terrace,China
286,Colin,Ollander,874 Village Hill,Indonesia
287,Anissa,Errichelli,49 8th Street,Guatemala
288,Gordon,Heady,77554 Fisk Crossing,Peru
289,Stoddard,Joburn,0 Heath Way,Russia
290,Gracia,Allen,88 Waywood Lane,Slovenia
291,Wilburt,Stowe,4091 Oak Valley Lane,Brazil
292,Lester,Schwartz,77987 Iowa Way,China
293,Angelico,Brosnan,6078 Moose Terrace,Philippines
294,Marika,Stagg,0 Monterey Parkway,Slovenia
295,Misti,O'Tuohy,31904 Lighthouse Bay Point,China
296,Kaja,McClary,392 Village Green Terrace,Indonesia
297,Willey,Brydon,09271 Tennessee Parkway,Indonesia
298,Marinna,Dicken,14402 Gulseth Drive,China
299,Jackson,Prynne,46650 Delaware Crossing,Montserrat
300,Geralda,Wrintmore,21156 High Crossing Crossing,China
301,Lorrin,Argabrite,622 Claremont Trail,Philippines
302,Edmund,Tidball,04 Dexter Way,Peru
303,Maisie,Hatzar,9 Jay Alley,Portugal
304,Sadella,Currao,895 Golf View Hill,China
305,Mirabel,Golder,35488 Trailsway Parkway,Nicaragua
306,Ivory,Smalley,76479 Comanche Pass,Russia
307,Frannie,Kairns,3 Village Green Pass,Russia
308,Ringo,Seargeant,27 Crownhardt Drive,China
309,Gregg,Tregust,29 Boyd Avenue,Afghanistan
310,Maurice,Luckie,17 School Hill,Slovenia
311,Brennan,Farnworth,1824 Dapin Point,South Africa
312,Arda,Dudney,4088 Sutherland Junction,Poland
313,Dav,Noyce,569 Goodland Lane,Lebanon
314,Aundrea,Arnoll,132 Shelley Alley,China
315,Venus,McCarrell,365 Sycamore Place,Indonesia
316,Jonell,Musto,96302 Fuller Avenue,China
317,Perry,Arkow,90 Golf Course Point,New Zealand
318,Sig,Berringer,65138 Green Ridge Way,China
319,Wake,Slide,1447 Manitowish Pass,China
320,Helen,Hakking,103 Johnson Park,Sweden
321,Alta,Longstaff,0067 Spohn Street,United States
322,Abbott,Lambol,232 Lakeland Center,Portugal
323,Davita,Bidmead,7791 Kropf Court,Brazil
324,Emelda,Dailey,4403 Goodland Plaza,Indonesia
325,Paulita,Penni,366 Spenser Road,Canada
326,Gabriele,MacNeilage,4 Clove Terrace,China
327,Reese,Grevel,8 Parkside Circle,Sweden
328,Stirling,Nester,6862 Dixon Parkway,China
329,Tait,Pounsett,0585 Oak Terrace,Zambia
330,Celine,Shelton,7 Leroy Junction,Poland
331,Homere,Kornyshev,311 Monument Avenue,Tunisia
332,Frankie,Cunrado,812 Canary Street,Philippines
333,Kayle,Cozens,00 Maple Wood Plaza,China
334,Leonie,de Keep,4902 Caliangt Pass,Belarus
335,Bonny,Unsworth,049 Eastlawn Place,Philippines
336,Antoinette,Karlolczak,70270 Stone Corner Way,China
337,Berri,Paolini,7 Grayhawk Road,China
338,Alfred,Fardell,990 Redwing Drive,Canada
339,Adlai,Kopp,420 Twin Pines Circle,Tunisia
340,Gertie,Dodell,05935 Golf View Center,Philippines
341,Jeralee,Durdy,0007 Forest Run Road,China
342,Sheelah,Von Helmholtz,950 Weeping Birch Lane,China
343,Jana,Staynes,2 Gulseth Way,Japan
344,Violetta,Arniz,85 Blue Bill Park Drive,China
345,Laurent,Gager,706 Spaight Pass,Guatemala
346,Artur,Brewitt,3 Warner Way,Indonesia
347,Toma,Coston,5 Park Meadow Trail,Ukraine
348,Wheeler,Grigolon,40 Sutteridge Junction,China
349,Constantine,Hickenbottom,5173 Magdeline Street,Syria
350,Brittni,Godsil,9 Randy Park,Philippines
351,Adeline,Travis,170 Graedel Crossing,China
352,Gabie,Wesgate,7296 Oxford Park,Indonesia
353,Robbin,Hawthorne,59 Oriole Pass,Philippines
354,Erica,Parnell,2795 Mendota Drive,Indonesia
355,Keefe,Osborne,745 Dwight Plaza,China
356,Chilton,Kuhndel,2611 Pepper Wood Alley,Indonesia
357,Jess,Shere,55712 American Hill,Ukraine
358,Monti,Lukovic,5 Ruskin Place,Poland
359,Stanfield,Capon,72 Dexter Circle,China
360,Mindy,Aggas,13195 Helena Parkway,Indonesia
361,Dov,Akaster,74 Division Trail,China
362,Felike,Bradburn,33768 Schurz Road,Sweden
363,Pietro,O'Harney,25 Service Plaza,Philippines
364,Sunny,Hryniewicki,09 Fair Oaks Way,Maldives
365,Yancy,Cunniff,5443 Coleman Drive,Afghanistan
366,Osborn,Beauchop,15 Mariners Cove Hill,Croatia
367,Cos,Shuttell,80037 New Castle Trail,Indonesia
368,Mead,Langdridge,55 La Follette Drive,Morocco
369,Velma,Ricioppo,790 Laurel Avenue,Albania
370,Austin,Chilvers,94 Dovetail Road,Ukraine
371,Kissiah,Batho,2697 Gale Trail,Brazil
372,Skippie,Gold,6 Judy Pass,Mongolia
373,Morissa,Baylie,83 Messerschmidt Park,Albania
374,Dario,Dailey,9300 Washington Pass,Syria
375,Ernst,Lumsdall,2 Sheridan Lane,Macedonia
376,Elayne,Cornuau,353 Hanover Lane,Germany
377,Herbie,Chadburn,5 Ruskin Terrace,Philippines
378,Fredrika,Layzell,386 Warner Drive,Afghanistan
379,Patrice,Beatens,8632 Shopko Way,Sweden
380,Vivyanne,Thewles,77 Holmberg Point,China
381,Banky,Labarre,4510 Elgar Avenue,Brazil
382,Carlina,Sinkins,14903 Buell Lane,Indonesia
383,Kym,Pulster,08 Hazelcrest Park,Canada
384,Carlye,Shipston,90146 Artisan Parkway,Philippines
385,Melisent,Albasiny,1 Elgar Lane,Argentina
386,Jon,Marchent,7370 Cascade Court,France
387,Rafi,Rodear,7029 Ridgeview Avenue,China
388,Saleem,Salasar,94 Hooker Road,Serbia
389,Ainsley,Raoux,73509 Main Court,Indonesia
390,Nikolia,Tritten,150 Scoville Plaza,Russia
391,Giana,Morteo,9456 Myrtle Center,Sweden
392,Agnesse,Dury,9792 Lake View Plaza,Brazil
393,Joshua,O'Heagertie,99 Parkside Court,Indonesia
394,Gabriele,Masser,536 Crowley Terrace,Japan
395,Ashil,Callender,5 Pennsylvania Parkway,Indonesia
396,Ina,Pennell,430 Monterey Road,Malta
397,Joyann,O'Glassane,4 Sage Pass,Russia
398,Salem,Absolom,20 Crownhardt Place,Jamaica
399,Ermin,Kauble,7931 Eliot Hill,Sierra Leone
400,Hunfredo,Brigstock,9507 Grasskamp Trail,China
401,Bethany,Roundtree,4942 1st Way,Indonesia
402,Deni,Pagnin,94 Lillian Terrace,Japan
403,Cybil,Fawlo,49767 Novick Park,Philippines
404,Perla,Huckabe,637 West Plaza,Poland
405,Clary,Swarbrigg,83 Lawn Road,Argentina
406,Randall,Anfusso,6565 Spenser Alley,Poland
407,Jinny,Lias,91 Sage Center,Indonesia
408,Candi,Hurren,58 Cottonwood Terrace,Dominican Republic
409,Maje,Huggen,9 Carberry Point,Indonesia
410,Rene,Oldnall,15 Walton Circle,Portugal
411,Guido,Spincks,231 Linden Place,Indonesia
412,Myra,Andrejs,50789 Artisan Pass,Indonesia
413,Wright,Clipson,13 Fisk Avenue,Philippines
414,Ines,Regler,63 Melrose Street,Philippines
415,Eb,Kinnane,5 Village Green Way,China
416,Sofie,Arnald,96454 Melby Parkway,Poland
417,Darrel,Burrass,3973 Shoshone Street,Haiti
418,Joyce,Corden,5401 Fairfield Drive,China
419,Arda,Lutty,81123 Mitchell Alley,Malaysia
420,Cortie,Imlock,590 Quincy Pass,Indonesia
421,Rosana,Mardall,3635 Blaine Trail,Indonesia
422,Vito,Dailly,69 Vera Road,China
423,Colver,Lindblom,95 Ruskin Pass,China
424,Matt,Drioli,6630 Porter Way,Indonesia
425,Marchall,Leddie,90 Forest Dale Court,Poland
426,Bev,Scudder,625 Derek Crossing,Philippines
427,Valery,Ravilus,71375 Hallows Junction,Russia
428,Ellen,Slidders,5 Warrior Center,Philippines
429,Natalie,Overbury,9 Granby Alley,Slovenia
430,Tiffi,McLoughlin,616 Mandrake Pass,Malaysia
431,Wenonah,Rosewell,37271 Green Ridge Avenue,China
432,Joelly,Ellesworthe,0522 Nobel Terrace,China
433,Ingmar,Andreuzzi,32 Laurel Lane,Philippines
434,Chaim,Belly,53 Evergreen Terrace,Russia
435,Asia,Pehrsson,2 Sunnyside Circle,Russia
436,Ryon,Hatchman,9 Marquette Way,United States
437,Fancie,Parnall,830 Charing Cross Junction,United States
438,Florri,Bissett,89 Sheridan Center,Poland
439,Babette,McInnerny,04279 Lyons Park,Portugal
440,Chancey,Kitcat,0 Weeping Birch Alley,Indonesia
441,Paula,Chidler,328 Sherman Hill,Netherlands
442,Thorny,Maudett,05 Coolidge Trail,France
443,Zelma,Giovannacc@i,37 Leroy Plaza,China
444,Zebulen,Steggals,420 Everett Street,Russia
445,Moe,Devigne,4 Bluejay Park,Israel
446,Juliana,Ladd,63 Esker Parkway,Philippines
447,Ardyce,Lindsell,92537 Sycamore Place,Indonesia
448,Sileas,Agiolfinger,38234 Eggendart Lane,Netherlands
449,Nicolle,Agent,5399 Hoffman Point,Mongolia
450,Emilia,Clipson,14343 Kensington Parkway,Russia
451,Jojo,Delaprelle,8 Golden Leaf Trail,United States
452,Barry,Gathwaite,88891 Raven Place,France
453,Zacherie,Ciccetti,5514 Spaight Point,China
454,Izabel,Illwell,5972 Corscot Center,Italy
455,Gerek,Themann,9953 Tennessee Crossing,China
456,Teodora,McCarry,91 Hintze Alley,Japan
457,Steffie,Fenimore,8 Namekagon Junction,Philippines
458,Angelle,Morde,2837 Cody Parkway,Philippines
459,Fiann,Reims,6626 Cambridge Street,Indonesia
460,Cordi,Sandercock,75 Hoepker Circle,China
461,Cherilyn,Celes,81 Westport Way,Russia
462,Ulrica,Van den Hof,10762 Spenser Circle,Philippines
463,Tess,Jaimez,92 Lyons Court,Ukraine
464,Joceline,Phebee,37 Oxford Terrace,Indonesia
465,Shamus,Coyish,75 Pepper Wood Avenue,Brazil
466,Mendel,Harland,82 Luster Junction,Indonesia
467,Lorens,Penelli,9627 Dixon Street,Japan
468,Marsh,Twohig,08385 Mitchell Avenue,Greece
469,Eliot,McKeggie,46 Amoth Road,China
470,Janessa,Andor,725 Merrick Junction,Malaysia
471,Enriqueta,Willman,828 Erie Place,France
472,Lion,Sermin,2 Golf View Avenue,Philippines
473,Layton,Laffling,9574 Duke Avenue,Afghanistan
474,Evangeline,Rushton,4 Kipling Parkway,Russia
475,Luz,Welchman,2 Mayer Trail,China
476,Pearce,Widdup,83280 Commercial Parkway,South Korea
477,Stevy,Liversage,81180 Bunting Hill,China
478,Amitie,Wodham,71 Holy Cross Circle,Croatia
479,Tonye,Calcut,4234 Cody Park,Poland
480,Beaufort,Kennady,1 Hanson Trail,Poland
481,Rochette,Doak,40406 Washington Hill,Iran
482,Maureene,Tongs,3 Comanche Trail,Portugal
483,Lynde,Kille,637 Butternut Place,Guatemala
484,Eliza,Peirone,16 Hanson Court,El Salvador
485,Midge,Strathman,92734 Golf Course Lane,Jamaica
486,Emanuele,Gosson,694 Hauk Circle,Brazil
487,Jackie,Aries,87 Elka Pass,Poland
488,Hermina,Sinnat,838 David Avenue,China
489,Gusta,Sepey,25882 Oriole Avenue,Russia
490,Iain,Wisby,79 Dottie Hill,Indonesia
491,Christie,Carleton,3 Utah Trail,France
492,Ashleigh,Seilmann,748 Talmadge Hill,Brazil
493,Noah,Whopples,3381 Helena Point,France
494,Clarette,Hulk,2 Manitowish Avenue,Venezuela
495,Morgen,Ruffy,60 Kedzie Parkway,Finland
496,Janel,Gonet,4 Schlimgen Avenue,Mexico
497,Angelika,Fishbie,19004 Reinke Way,Indonesia
498,Margret,McQuilliam,2497 Maple Wood Circle,Indonesia
499,Nicholle,Wildor,397 Crescent Oaks Way,United States
500,Trumaine,Pedgrift,3558 Manitowish Place,Japan
501,Reinaldos,Emanulsson,22 Tennessee Alley,Vietnam
502,Kendre,Lattey,83 Ridge Oak Pass,China
503,Siusan,Lomansey,10 Corry Crossing,Ecuador
504,Valerie,Waith,45 Scott Avenue,Norway
505,Trista,Konig,596 American Ash Place,Philippines
506,Mellie,Whittlesey,4 Kedzie Trail,Ireland
507,Ruperto,Mowsley,8 Graceland Point,Argentina
508,Joseph,Scarlin,40119 Summerview Circle,Iceland
509,Marlowe,Draxford,603 Village Hill,Egypt
510,Averil,Leap,3292 Ridgeway Street,Colombia
511,Hobie,McClancy,79 Chinook Avenue,Tunisia
512,Esme,Witsey,54899 Mosinee Place,Ukraine
513,Rhetta,Wurst,09615 Gulseth Pass,Brazil
514,Kip,Shutt,00 Mallory Pass,Sweden
515,Jonathan,Fielders,18 Harbort Drive,Peru
516,Rheba,Dewes,360 Farragut Terrace,Russia
517,Adolphus,Gilbride,48 Golf View Park,Liberia
518,Madelina,Dreinan,42206 Northland Center,Indonesia
519,Burk,Goodman,4287 Orin Junction,Czech Republic
520,Eirena,Brimicombe,87 4th Terrace,United States
521,Gilburt,La Grange,02 Utah Hill,Poland
522,Don,Witherspoon,64114 Hallows Point,France
523,Aurie,Stonall,97 Tennessee Hill,Japan
524,Suzy,Basset,605 Pankratz Way,Philippines
525,Oswald,Pateman,21 Green Park,Indonesia
526,Bourke,Rubury,92989 Jay Crossing,Syria
527,Nana,Gillespey,85 Kipling Street,China
528,Katharine,Bumford,244 Rockefeller Pass,France
529,Sybil,Seyler,821 Thierer Court,France
530,Anthony,Davey,103 Loeprich Park,Philippines
531,Carrie,Daton,90502 Hanson Way,Brazil
532,Lib,Lamers,81819 Bultman Plaza,Indonesia
533,Stirling,Bows,7 Amoth Court,Vietnam
534,Cass,Fuzzard,00 Bayside Road,Sweden
535,Nana,Wyndham,44 Waywood Place,Peru
536,Bethena,Leeuwerink,4386 Pearson Lane,China
537,Tracie,Limmer,97 Sauthoff Plaza,Russia
538,Antonina,Kasbye,7 Sommers Street,Slovenia
539,Trix,Strotone,73200 Mallard Park,Peru
540,Dexter,Tellwright,131 Canary Crossing,Brazil
541,Sandor,Fisbey,51 Holmberg Terrace,"Bonaire, Saint Eustatius and Saba "
542,Elbertina,Stiff,4361 Center Point,Portugal
543,Nichole,Congrave,67 Commercial Avenue,China
544,Humfrey,Wichard,75 Helena Plaza,Indonesia
545,Adelbert,Rosengart,0510 Michigan Trail,Nigeria
546,Kandace,MacAskie,304 Clemons Center,Mexico
547,Sofia,Ferencz,36646 Carioca Point,Bolivia
548,Robbyn,Lilburn,88651 Ridge Oak Alley,Greece
549,Myra,Healeas,5 Cherokee Lane,Iran
550,Jacky,Cultcheth,948 Red Cloud Hill,Peru
551,Hortensia,Boorn,9138 Crowley Court,Nigeria
552,Ashlin,Wanklin,6 Namekagon Crossing,Indonesia
553,Ronny,Richings,240 Northport Lane,Netherlands
554,Hebert,Reiling,586 Bobwhite Pass,Ivory Coast
555,Marcelo,Silvester,8549 Lillian Road,Poland
556,Derby,Hollindale,0173 Burning Wood Junction,France
557,Jae,Girvan,190 Hanson Point,Armenia
558,Bobette,Ambresin,1138 Tennyson Parkway,Mexico
559,Amargo,Linthead,39472 Northport Center,Kazakhstan
560,Alix,Deane,014 Buhler Hill,Kenya
561,Wilbert,Nanni,34058 Sutteridge Pass,Russia
562,Arel,Anders,2149 Dwight Alley,Russia
563,Bartolemo,Shorto,2 Carey Court,Lithuania
564,Matilde,Glascott,67204 Bartelt Plaza,Greece
565,Gilbertine,Perrin,392 Dwight Parkway,China
566,Elijah,Reagan,828 Lindbergh Trail,Hungary
567,Angelle,Husset,666 Banding Terrace,China
568,Edd,Rubrow,59057 Forest Trail,Argentina
569,Sam,Cadwell,82 Schurz Park,Poland
570,Marcelo,Betje,67213 Utah Terrace,Russia
571,Sarena,MacGahy,2 Utah Circle,Greece
572,Adolph,Wegman,068 Harbort Circle,China
573,Ferdy,Cayton,006 Dexter Drive,Barbados
574,Ayn,McPhelimy,4592 Anthes Park,Tajikistan
575,Muriel,Stitle,6 Golf Course Junction,Colombia
576,Rudie,Lembrick,8289 Harper Park,China
577,Rickey,Crooks,94 Mariners Cove Court,Brazil
578,Noelani,Jephson,949 Ridge Oak Crossing,Brazil
579,Aarika,Cicculi,43 Warrior Alley,Japan
580,Rubetta,Arnao,56 Leroy Plaza,China
581,Sandy,Malenoir,265 Cardinal Alley,France
582,Jarrad,De la Yglesia,7705 Grayhawk Circle,Vietnam
583,Ingmar,Fost,61123 Pleasure Junction,Portugal
584,Danyette,Gonzales,26047 Thompson Terrace,Greece
585,Hillyer,Darville,0562 Petterle Center,Chile
586,Danna,Huffer,38962 Darwin Park,China
587,Giralda,Ailward,2 Burning Wood Avenue,Philippines
588,Jade,Radleigh,58132 Transport Circle,Palestinian Territory
589,Jodie,MacMichael,138 Carpenter Parkway,Guatemala
590,Hillary,Swateridge,37189 Marcy Circle,Philippines
591,Jared,Lockhart,0526 Lakeland Circle,United States
592,Karoly,Dixson,97905 Shoshone Terrace,Jamaica
593,Caryl,Viall,33640 Continental Park,Croatia
594,Torin,Hlavecek,5842 Sullivan Lane,Indonesia
595,Holt,Lilliman,66993 Golf Terrace,Brazil
596,Rutledge,Ovendale,69 Randy Circle,China
597,Jasmin,Bonnefin,425 Pearson Alley,Indonesia
598,Marquita,Sennett,9 Fuller Street,Philippines
599,Cirillo,Braunfeld,1560 Meadow Valley Street,Portugal
600,Micki,Karp,57 Clyde Gallagher Alley,Poland
601,Cale,Burris,6 Del Sol Road,China
602,Frannie,Goodbarr,02 Cambridge Trail,Indonesia
603,Rebeca,Summerbell,5 Johnson Alley,Norway
604,Tallou,Letchford,5 Dixon Circle,Thailand
605,Vincents,O'Hengerty,33074 Spohn Avenue,China
606,Clementius,Caulcott,5 Stephen Terrace,Poland
607,Damaris,Skellon,02 Clemons Park,British Virgin Islands
608,Rachele,Ahearne,96776 Anderson Junction,China
609,Odey,Brumfield,952 Bashford Lane,Guatemala
610,Garvin,Pitkaithly,11742 Luster Alley,Indonesia
611,Ansel,Mityushin,1 Merchant Hill,Colombia
612,Darryl,Jell,2849 Spohn Terrace,China
613,Timothea,Halloway,7 Superior Court,China
614,Alicea,Layburn,535 Jenifer Street,Iran
615,Daile,Tallet,874 Monument Hill,Russia
616,Haywood,Witty,4875 Mockingbird Court,El Salvador
617,Blondie,Soda,26075 Mallard Center,Ukraine
618,Vivia,Gerrish,1027 Mifflin Way,Bulgaria
619,Jessee,Szabo,6825 Ramsey Way,Israel
620,Justino,Scolli,7484 Cody Park,Syria
621,Iggy,Stinchcombe,53094 Village Green Way,China
622,Marrilee,Ellcock,25 Pearson Terrace,Lebanon
623,Hew,Uphill,185 Sherman Crossing,Philippines
624,Jodi,Tuttiett,03 Butternut Center,Czech Republic
625,Demetre,Hubbard,4 Rigney Terrace,Brazil
626,Maura,Absolem,1279 North Parkway,Thailand
627,Antin,Kiddie,9 Merrick Avenue,Albania
628,Addison,Sentinella,42 Nancy Lane,Slovenia
629,Lindi,Rignall,68479 Havey Way,Somalia
630,Adelle,McPhelim,297 Dixon Way,Chile
631,Federica,Olenikov,9266 Springview Avenue,China
632,Harri,Redihough,41 Thierer Point,Sweden
633,Abbey,Haberfield,0 Parkside Park,Indonesia
634,Raimund,Chaucer,30843 Holy Cross Street,France
635,Leroi,Carnson,9521 Merrick Parkway,Japan
636,Zachary,Houseley,42869 Maywood Circle,China
637,Rosy,Woodham,596 Summerview Terrace,Vietnam
638,Rubetta,Belin,30 Dahle Plaza,Philippines
639,Rube,Benallack,690 Doe Crossing Junction,France
640,Gertrudis,Spur,2488 Hudson Street,China
641,Justino,Uccelli,32 Marquette Circle,Greece
642,Emmalynne,Ianniello,978 Rigney Pass,Japan
643,Holden,Dulinty,386 Meadow Vale Lane,Bosnia and Herzegovina
644,Hyatt,Load,281 Pearson Lane,Brazil
645,Gabi,Wofenden,642 Logan Junction,Indonesia
646,Melanie,Oldcroft,32 Oak Valley Court,Indonesia
647,Deloria,St Angel,45 Eggendart Crossing,Syria
648,Mile,Grzegorek,356 Caliangt Junction,China
649,Maxim,Devons,459 Swallow Avenue,Morocco
650,Michelina,Coaster,2 Myrtle Lane,Colombia
651,Jocelin,Mandal,9722 Loomis Trail,Portugal
652,Alister,Rudland,255 Birchwood Plaza,Ireland
653,Clemmie,MacLucais,3 Stoughton Court,China
654,Peria,Garlicke,223 Maryland Street,France
655,Jaye,Rivers,3786 Warbler Plaza,Sweden
656,Carma,Venable,1842 Ludington Trail,China
657,Bobbette,Kefford,494 Sherman Parkway,Poland
658,Hunter,Wilks,486 Petterle Plaza,Nigeria
659,Elly,Bruty,11 Hoffman Place,Croatia
660,Berkie,Scoggans,4300 Elmside Drive,China
661,Goran,Attoe,5111 Ilene Point,Indonesia
662,Pren,Rosenthal,503 Sullivan Avenue,Thailand
663,Evelin,Neilands,400 Charing Cross Hill,Colombia
664,Verina,Gennrich,21066 Walton Avenue,Greece
665,Olav,Burne,9 Dapin Way,Portugal
666,Jammie,Varga,005 Mcguire Center,China
667,Melisandra,Iacomo,407 Butternut Terrace,Lithuania
668,Lesly,Nacci,8 Forest Dale Street,Poland
669,Abba,Hartropp,4 Mitchell Center,Russia
670,Nev,Brayshay,630 Delaware Street,China
671,Tomlin,Monget,52198 5th Junction,Argentina
672,Melba,Hanhard,83778 Merry Junction,Indonesia
673,Hans,Tunnah,6453 Moulton Alley,France
674,Broddy,Kreutzer,562 Quincy Way,Indonesia
675,Finlay,Gealle,7 Anderson Place,China
676,Batsheva,McCallum,21743 Prairie Rose Terrace,Philippines
677,Lauren,Moulding,49523 Fairview Road,Venezuela
678,Frank,Lerner,202 Vahlen Circle,Portugal
679,Gannon,Jonin,594 Park Meadow Plaza,Malaysia
680,Irv,Jollie,7512 Warner Street,Guatemala
681,Karel,Sifleet,9484 Florence Street,Belarus
682,Laurent,Kuhlen,8 Warner Drive,Russia
683,Bern,Ryott,1982 Browning Junction,United States
684,Hugues,O'Ferris,361 Oak Park,Zambia
685,Roseann,Ganford,041 Anderson Court,Japan
686,Beulah,Give,28 Anzinger Terrace,Pakistan
687,Portia,Jakubczyk,1735 Scoville Place,Indonesia
688,Verne,Gittins,63 Blue Bill Park Drive,Brazil
689,Ennis,Duplock,64 Clemons Junction,Norway
690,Aldo,Rummins,0347 Clemons Way,Palestinian Territory
691,Muffin,Kingaby,05338 Moulton Junction,Poland
692,Tamara,Woodbridge,1592 Comanche Lane,Iran
693,Seward,Lambird,5266 Gerald Plaza,Colombia
694,Ermengarde,Exall,564 Shelley Place,China
695,Kinny,Rollason,616 Orin Court,China
696,Fin,Hancell,0 Warner Terrace,China
697,Kelley,Micheau,1277 Fairview Way,Indonesia
698,Maighdiln,Klosges,34312 Dexter Street,Zambia
699,Devy,Hark,0378 Buell Plaza,Indonesia
700,Virge,Dibdall,06 West Street,Japan
701,Milli,Cutteridge,04 Bay Junction,Brazil
702,Danna,Liccardo,489 Fulton Park,China
703,Sigrid,Holsey,6 Bashford Center,Sweden
704,Cally,Creffeild,077 Washington Circle,Russia
705,Carline,FitzGeorge,57211 School Alley,Angola
706,Gallard,Fenton,7680 Becker Court,China
707,Marianna,Rigolle,1 Manufacturers Trail,Portugal
708,Hewet,A'field,1 Esch Road,China
709,Mortie,Macrae,55299 Truax Avenue,Peru
710,Francisca,Gilvear,106 Hansons Plaza,Russia
711,Marice,Beagin,866 Sunnyside Pass,United States
712,Talbot,Cottier,8 Stephen Trail,China
713,Sally,Chillingworth,520 Bashford Lane,Russia
714,Jayme,Dennant,2082 Laurel Junction,Russia
715,Chelsea,Emes,114 Reindahl Court,Philippines
716,Winston,Shrimpling,6 Dovetail Lane,Japan
717,Bennie,Galland,350 Comanche Lane,Japan
718,Lexine,Kiebes,55075 Forest Court,New Caledonia
719,Malinda,Munford,488 Lotheville Crossing,France
720,Karin,Santoro,102 Basil Road,Philippines
721,Elnora,Cleghorn,811 Cottonwood Alley,Pakistan
722,Rheba,Oosthout de Vree,23 Sullivan Way,Russia
723,Wesley,Konrad,6 Goodland Terrace,Sweden
724,Juieta,Spata,7649 Oak Drive,Yemen
725,Sutherland,Tregaskis,9 Esker Court,Japan
726,Anderea,Mougenel,57852 Badeau Pass,Canada
727,Arleyne,Gouldeby,2 Loftsgordon Center,Philippines
728,Marybelle,O' Timony,3 Nevada Trail,Colombia
729,Ab,Rykert,8 Orin Point,China
730,Lionello,Buston,58882 Messerschmidt Alley,Brazil
731,Fania,Cork,55 Independence Avenue,Philippines
732,Bridgette,Mayer,9 Golf Course Point,China
733,Truman,Arnett,984 Merry Street,Venezuela
734,Amandy,Holtom,1967 Sunnyside Center,France
735,Truman,Ayto,4007 Ohio Center,Argentina
736,Serena,Lukasik,441 Northridge Lane,China
737,Matilda,Ausello,2 Meadow Valley Center,France
738,Joey,Playle,6 Grim Lane,Croatia
739,Kareem,Sumers,8 Sutherland Drive,China
740,Mirella,Woan,37 Leroy Hill,Iraq
741,Ainslee,Rawstron,46363 Maywood Park,Sweden
742,Bailey,Stredwick,55057 Columbus Parkway,Philippines
743,Joella,Carn,82722 Hooker Hill,France
744,Ede,Tattersall,17 Talisman Plaza,Philippines
745,Dorrie,Hanmore,1 Butterfield Street,Russia
746,Mohandis,Sandle,224 Talisman Place,China
747,Luis,Reinbeck,0 Lighthouse Bay Road,United States
748,Carlita,Metts,9 Moose Parkway,Tunisia
749,Gonzalo,Gaskins,0 Talmadge Way,Czech Republic
750,Cyrus,Punter,322 Sommers Plaza,Russia
751,Rafael,Chamberlayne,69 East Park,United States
752,Rufus,Staton,2215 Muir Avenue,Poland
753,Filippa,Grumbridge,005 Paget Avenue,South Korea
754,Demott,Tetlow,522 Dahle Park,Honduras
755,Coletta,Lambdon,3 Schlimgen Terrace,Ghana
756,Alexi,Hounihan,8 Clove Alley,Poland
757,Sybille,Evert,153 Vahlen Lane,Philippines
758,Laurena,Hutchison,29371 Loomis Parkway,Argentina
759,Gerry,Deniscke,79 Sunbrook Hill,Thailand
760,Nissy,Sibbert,737 Lien Place,China
761,Marylynne,Jedrysik,78 Haas Lane,China
762,Godfree,Agostini,11832 Canary Park,China
763,Cathrin,Garrad,25996 Dennis Park,Indonesia
764,Merl,Casari,625 Bluejay Park,Indonesia
765,Chrissie,Mayers,9 Saint Paul Junction,Russia
766,Kate,Duckitt,42897 Crownhardt Park,China
767,Hewe,Brackenbury,638 Anniversary Crossing,Indonesia
768,Kinny,Augar,73626 Monument Street,Ivory Coast
769,Tessy,Blakiston,870 Eagan Park,Benin
770,Bourke,Watchorn,183 Mosinee Pass,China
771,Sabine,Brownett,794 Sommers Drive,Syria
772,Hadrian,Bestwall,8 Basil Park,Indonesia
773,Jenny,Ondrousek,29 Kinsman Center,China
774,Clio,Kleinstein,6265 Orin Junction,Ukraine
775,Paulie,Spira,6 Magdeline Junction,Iran
776,Kania,Kybbye,9693 Morning Park,Peru
777,Northrop,Petric,02908 Vera Court,Portugal
778,Ree,Fillan,25 Golf Course Place,China
779,Lucio,Boick,4595 Manitowish Pass,Russia
780,Olivero,Zanitti,87454 Katie Park,Afghanistan
781,Berke,Pierri,65824 Stone Corner Hill,Mexico
782,Harmon,Monni,07286 Starling Circle,France
783,Cilka,Penny,5261 Towne Circle,China
784,Rock,Leggott,01 Talisman Court,Russia
785,Shina,Vaar,862 Evergreen Way,China
786,Saidee,Planke,832 Redwing Park,China
787,Agnesse,Josskovitz,005 Lakewood Road,Uzbekistan
788,Karia,Saing,4 Glacier Hill Pass,Canada
789,Dougy,Hurles,734 Express Center,Belarus
790,Shelly,Bramelt,20 Moland Place,Kenya
791,Aurilia,Straine,92 Fremont Lane,Sweden
792,Sherill,Barkaway,663 Maple Place,China
793,Joey,Geffinger,19570 Banding Center,Sweden
794,Karim,Rutland,022 Del Sol Circle,Germany
795,Riobard,Ferri,48 Sycamore Place,Portugal
796,Diego,Tremblay,71063 Colorado Drive,Peru
797,Hebert,Binny,90466 Marcy Point,Bangladesh
798,Dion,Manderson,76 7th Pass,Russia
799,Averil,Tofanini,4 Thompson Drive,Honduras
800,Guthrie,Nieass,117 Jackson Street,China
801,Isaac,Slemming,8987 Debs Place,Bosnia and Herzegovina
802,Madelina,McConigal,3189 Esch Parkway,China
803,Amble,Barti,80 Stang Center,Poland
804,Laird,McKane,31 Loomis Alley,Portugal
805,Bradan,Marcome,83 Porter Alley,China
806,Orville,Bixley,1878 Continental Plaza,Botswana
807,Sid,Grewer,59 Carberry Junction,Ireland
808,Chane,Chiswell,14 Cascade Alley,France
809,Eilis,Frantzen,061 Hanson Parkway,China
810,Karlene,Haresign,5 Forest Hill,Indonesia
811,Rodger,Cavozzi,44320 Meadow Vale Junction,Norway
812,Stinky,Dyett,07 Loomis Pass,Indonesia
813,Hadria,Barnish,1 Towne Hill,Sweden
814,Denver,De la Feld,069 Kropf Crossing,Colombia
815,Welch,Lynam,35108 Colorado Court,Indonesia
816,Teodoor,Barnardo,0 Jenna Pass,China
817,Courtney,Spinola,85 Oriole Avenue,Chile
818,Fields,Mizen,3 Division Pass,Peru
819,Lavina,Acreman,79 Carberry Park,Guatemala
820,Jeffy,McIlwaine,8 Manley Street,Vietnam
821,Blayne,Leyre,23 Merrick Lane,Philippines
822,Bessy,Alastair,82 Golf View Circle,Philippines
823,Flossi,Wildbore,2459 Dunning Drive,France
824,Cole,Yakebowitch,9147 Anderson Pass,Poland
825,Jada,Godart,42 Artisan Center,Philippines
826,Reeta,Reilingen,87145 Russell Terrace,Russia
827,Larina,McCafferky,68 Hollow Ridge Hill,China
828,Reggis,Compton,13108 Cambridge Street,Morocco
829,Clarey,Twigge,75 Westport Way,Austria
830,Ole,McBlain,661 Clemons Center,Czech Republic
831,Alphard,Scorah,97 Oakridge Court,Sweden
832,Napoleon,Capaldi,23092 New Castle Crossing,Czech Republic
833,Hi,Moreland,0147 Sullivan Center,Argentina
834,Jasen,Sibun,2 Dryden Crossing,China
835,Bron,Hudless,483 Steensland Park,Portugal
836,Alair,Danielczyk,860 Mcguire Street,China
837,Levy,Coen,1293 Stuart Court,Japan
838,Germaine,Bernardo,10 Vidon Place,Haiti
839,Clari,Prattington,72004 Spaight Point,China
840,Pearline,Helmke,8447 Manufacturers Terrace,Russia
841,Yasmin,MacRannell,29 Stephen Drive,South Africa
842,Maynard,Lambis,136 Mitchell Hill,Nigeria
843,Freemon,Braunds,20 Marcy Alley,Brazil
844,Arvin,Woodger,1 Northland Court,Philippines
845,Rosanna,Roycroft,83136 Armistice Street,Portugal
846,Yorgos,Drinnan,96357 Claremont Point,Brazil
847,Salomon,Gowanlock,08693 3rd Circle,China
848,Mufi,Gutierrez,96467 Kipling Parkway,Honduras
849,Carmen,Jarry,2091 5th Way,Indonesia
850,Rasla,Sponder,19197 Bonner Place,Nigeria
851,Leif,Stolli,077 Dennis Alley,Russia
852,Tanhya,Bockin,3 Darwin Pass,China
853,Lelia,Jagielski,13 Atwood Point,Azerbaijan
854,Rosita,Caltera,20421 Fordem Junction,China
855,Pauletta,Hacksby,55860 Carioca Terrace,Indonesia
856,Mohandis,Fairbank,7302 Nancy Center,France
857,Rosalia,Gaskall,52182 Golf Course Drive,Russia
858,Belinda,Colbridge,4356 Warbler Pass,Russia
859,Godfree,Miettinen,86120 Meadow Ridge Pass,Brazil
860,Rebe,Deshorts,0 Lotheville Parkway,Sweden
861,Kimmie,Volkes,0723 Green Drive,Palestinian Territory
862,Clayson,Schollar,4 Maple Wood Avenue,Kazakhstan
863,Dee,Oki,46 Lien Point,Portugal
864,Sigismondo,Staker,72 Amoth Drive,Indonesia
865,Doe,Cromleholme,3 Corry Court,Honduras
866,Kimbell,O'Reagan,6816 Lerdahl Avenue,Croatia
867,Leyla,Nunes Nabarro,52 Hermina Junction,Poland
868,Pam,Shorter,127 Leroy Place,Poland
869,Ilsa,Babst,9 Sunbrook Way,Philippines
870,Murray,Pauluzzi,1 Randy Park,Croatia
871,Hillel,Caldron,26 Orin Pass,China
872,Dur,Milksop,8 Kinsman Way,Indonesia
873,Joye,Russan,190 Sage Trail,Poland
874,Brent,Oles,44896 Carpenter Court,Indonesia
875,Darill,Lindenbluth,3 Fallview Junction,Ukraine
876,Xylia,Muller,04405 Green Ridge Plaza,Australia
877,Jarvis,Rehm,33189 Lotheville Trail,Poland
878,Valida,Rayner,15 Stuart Avenue,Indonesia
879,Antonin,Lillo,29 Boyd Way,Russia
880,Waverly,Bark,3903 Erie Trail,Lithuania
881,Cory,Swatten,0 Summit Circle,China
882,Filippo,Stouther,01871 Lukken Street,Israel
883,Garth,Houtby,1137 Wayridge Hill,Argentina
884,Tiffie,Gooders,8 Lukken Parkway,Indonesia
885,Julianne,Rowantree,0327 Sutteridge Way,Costa Rica
886,Romonda,Foulsham,18747 Park Meadow Circle,Indonesia
887,Abigael,Tinham,5746 Norway Maple Court,Poland
888,Cyndie,Hovee,26 Wayridge Center,Japan
889,Greer,McKeran,33 Algoma Trail,Sierra Leone
890,Merilee,Longina,5679 Basil Way,Brazil
891,Rafaellle,Pembery,457 Longview Hill,Vietnam
892,Bartolemo,Agass,630 Muir Point,Brazil
893,Ryon,Twining,233 Milwaukee Plaza,Honduras
894,Wallas,Sire,3 Boyd Terrace,China
895,Fleur,Robberts,0 Cascade Crossing,China
896,Kerrin,Isaksson,28 Delladonna Circle,Azerbaijan
897,Edita,Tribell,82464 Iowa Plaza,Indonesia
898,Allan,Kopke,31790 Waubesa Place,China
899,Eimile,Palfery,0 Mesta Road,France
900,Livy,Clipsham,26 Morningstar Alley,Russia
901,Lilli,Baile,999 Kingsford Crossing,Morocco
902,Sella,Buscombe,4 Darwin Crossing,Afghanistan
903,Ignacio,Bolesworth,6 Holmberg Lane,China
904,Merrili,Stannard,88396 Bunting Crossing,China
905,Antonina,Toppas,455 Muir Road,Russia
906,Bail,Holtom,4 Brown Way,Poland
907,Louisette,Pouck,59 Riverside Plaza,Ivory Coast
908,Deane,Pala,12 Walton Point,Kuwait
909,Kathi,Veryan,4 Eggendart Street,Palestinian Territory
910,Merna,Horwell,850 Shoshone Street,Spain
911,Margette,Monkhouse,5900 Fisk Junction,Indonesia
912,Bee,Jammet,60518 Briar Crest Plaza,Macedonia
913,Con,McCamish,311 Del Sol Alley,Sweden
914,Conn,Cases,03 Nevada Center,China
915,Herschel,Jenkison,3384 Miller Avenue,Ukraine
916,Michaella,Henrichsen,383 Nobel Park,Portugal
917,Bob,Sultan,38 Westend Plaza,China
918,Modestia,Chantrell,77525 Dottie Parkway,Portugal
919,Teirtza,Patkin,1 Merrick Alley,Netherlands
920,Darnell,Rangle,1 Holy Cross Park,Morocco
921,Morgana,Blount,3 Coolidge Drive,Chile
922,Kaycee,Micklewright,06 Hermina Drive,Argentina
923,Murray,Catchpole,01 Iowa Circle,Russia
924,Magdalen,Legerwood,1657 Sage Center,Netherlands
925,Shelby,Fellow,08226 Surrey Junction,Poland
926,Briana,Slark,7962 John Wall Place,Indonesia
927,Tedda,Holtaway,7808 Springview Lane,Cuba
928,Broddy,Colbertson,92891 Oriole Point,Indonesia
929,Erek,Macklam,860 Sycamore Pass,Mongolia
930,Stefanie,Skeermor,32410 Duke Drive,Serbia
931,Ardella,Portriss,83719 Ridge Oak Junction,Serbia
932,Harriet,Salan,77 Memorial Road,China
933,Joyan,Ollin,633 Esker Crossing,Vietnam
934,Hillie,Gregorace,4 Cherokee Alley,Russia
935,Packston,Gunn,0 Crowley Court,China
936,Goran,Antonsson,513 Melby Hill,Indonesia
937,Dorie,Thamelt,16 Forest Avenue,Nigeria
938,Carolynn,Fadden,93 Prairieview Crossing,France
939,Cayla,Lasty,65239 Boyd Parkway,China
940,Lynnett,Laurence,64120 Debs Alley,China
941,Jamill,Scogings,33 Hovde Terrace,Indonesia
942,Theodoric,Trase,5 Mcguire Plaza,Philippines
943,Iseabal,Eshelby,041 Orin Street,Russia
944,Manfred,Apple,37 Longview Terrace,Argentina
945,Tracey,Boliver,5070 Stone Corner Point,Cape Verde
946,Ferris,Poone,10 Schiller Trail,Iran
947,Sebastian,Pack,2660 Dahle Circle,Ukraine
948,Donetta,Reford,228 Logan Hill,Brazil
949,Godiva,Halfhyde,6 Monterey Crossing,Argentina
950,Pren,Greydon,8332 Mosinee Road,Indonesia
951,Kellen,Munkley,369 Hovde Hill,Indonesia
952,Iseabal,Gallifont,9 Commercial Alley,Poland
953,Adelind,Amoore,068 Texas Road,Sweden
954,Aurora,Cubbinelli,71997 Larry Center,Samoa
955,Virgie,Paiton,7205 Nelson Point,Sweden
956,Hadlee,Seaward,60 Grover Pass,Poland
957,Isidore,Ipplett,478 Bluestem Hill,United States
958,Dara,Edess,186 7th Trail,Mexico
959,Bartholomeo,Salliere,3332 Parkside Place,France
960,Art,Darlington,30 West Alley,China
961,Chrystal,Pinshon,02818 Coleman Road,United States
962,Alana,Keri,27431 Mosinee Crossing,United States
963,Ludwig,Pickard,16397 Carberry Circle,Philippines
964,Hailey,McDonand,305 Elmside Pass,Indonesia
965,Bartolemo,Possel,64587 Rieder Way,Sweden
966,Meggy,Krojn,6053 Myrtle Trail,China
967,Julie,Tussaine,0628 Kropf Circle,Philippines
968,Trumann,Concklin,9292 Schurz Street,France
969,Modesta,Haslam,7 Rieder Circle,Brazil
970,Maje,Trulock,9266 Truax Circle,Sweden
971,Heath,Grisewood,7 Charing Cross Trail,Micronesia
972,Marnie,Skiggs,1707 Blue Bill Park Junction,Estonia
973,Essy,Casbon,8 Monument Street,Sweden
974,Libbey,Alanbrooke,74558 Kings Park,Portugal
975,Emili,Lyard,3 Northfield Alley,China
976,Terri,Perfili,708 Oxford Crossing,China
977,Rusty,Shalders,316 Prentice Street,China
978,Betteanne,Castagne,5625 Starling Plaza,France
979,Mia,Morphey,7 Eggendart Junction,China
980,Wyndham,Bondley,37217 Bellgrove Center,Papua New Guinea
981,Keene,Baude,2186 Tomscot Terrace,Pakistan
982,Ravi,Avon,931 Tomscot Street,Indonesia
983,Luke,Postins,0571 Towne Junction,Poland
984,Christan,Galer,4691 Old Shore Parkway,Peru
985,Duff,Franklen,46615 Sundown Park,Philippines
986,Josias,Sandys,06291 Commercial Parkway,Philippines
987,Idalina,Spehr,9157 Vernon Junction,Greece
988,Alf,Palek,7066 Portage Way,Czech Republic
989,Ailina,Sansun,687 Pierstorff Park,Brazil
990,Rowena,Kingdom,2255 Roxbury Terrace,Russia
991,Christabel,Walesby,2 Ridgeview Place,Brazil
992,Roma,McKendry,7 Scoville Street,Sweden
993,Bowie,Crellin,077 Brickson Park Junction,Japan
994,Melodee,O'Hearn,76 Linden Point,Portugal
995,Ailina,Tenniswood,447 Thackeray Drive,Indonesia
996,Sorcha,Bartolomivis,42 Main Avenue,Czech Republic
997,Antonina,Cattroll,255 Farragut Drive,China
998,Flori,Woodyear,44250 Ryan Street,China
999,Raul,Streeter,09 Monument Hill,Poland
1000,Lanae,Gabbitus,56589 Westport Plaza 44250 Ryan Street 44250 Ryan Street 44250 Ryan Street 44250 Ryan Street 44250 Ryan Street,Somalia
